Customer ID,Recency,Frequency,Monetary,R_Score,F_Score,M_Score,Segment
12347,2,8,4921.53,5,4,5,Champions
12348,75,5,2019.4,3,3,4,Loyal Customers
12349,19,5,4404.54,4,3,5,Loyal Customers
12350,310,1,334.4,2,1,2,Lost
12351,375,1,300.93,2,1,2,Lost
12352,36,13,1889.21,4,5,4,Champions
12353,204,2,406.76,2,2,2,Lost
12354,232,1,1079.4,2,1,3,Cannot Lose Them
12355,214,2,947.61,2,2,3,Cannot Lose Them
12356,23,6,6371.73,4,4,5,Champions
12357,33,3,18287.66,4,2,5,New Promising
12358,2,5,3887.07,5,3,5,Loyal Customers
12359,8,14,8652.34,5,5,5,Champions
12360,52,9,4212.89,4,4,5,Champions
12361,287,4,511.25,2,3,2,At Risk
12362,3,14,5284.58,5,5,5,Champions
12363,110,2,552.0,3,2,2,Others
12364,8,4,1313.1,5,3,4,Loyal Customers
12365,291,3,320.69,2,2,2,Lost
12366,634,1,500.24,1,1,2,Lost
12367,4,1,168.9,5,1,1,New Promising
12368,628,1,917.7,1,1,3,Cannot Lose Them
12369,413,3,1791.15,1,2,4,Cannot Lose Them
12370,51,7,4316.56,4,4,5,Champions
12371,45,5,4067.38,4,3,5,Loyal Customers
12372,72,3,1298.04,3,2,4,Others
12373,311,3,1127.65,2,2,3,Cannot Lose Them
12374,25,4,2989.22,4,3,5,Loyal Customers
12375,3,3,455.42,5,2,2,New Promising
12376,390,2,503.15,2,2,2,Lost
12377,315,4,3426.32,2,3,5,At Risk
12378,130,2,5416.32,3,2,5,Others
12379,82,5,1618.27,3,3,4,Loyal Customers
12380,22,15,7888.0,4,5,5,Champions
12381,5,6,1803.96,5,4,4,Champions
12383,185,6,1839.31,2,4,4,At Risk
12384,29,3,566.16,4,2,2,New Promising
12385,379,2,1923.4,2,2,4,Cannot Lose Them
12386,338,2,401.9,2,2,2,Lost
12387,415,1,143.94,1,1,1,Lost
12388,16,8,3901.11,5,4,5,Champions
12389,403,3,1433.33,2,2,4,Cannot Lose Them
12390,80,1,549.84,3,1,2,Others
12391,22,7,2699.24,4,4,4,Champions
12392,591,1,234.75,1,1,1,Lost
12393,72,7,2376.75,3,4,4,Loyal Customers
12394,64,2,1272.48,3,2,4,Others
12395,16,18,4700.82,5,5,5,Champions
12396,674,1,931.43,1,1,3,Cannot Lose Them
12397,36,2,2409.9,4,2,4,New Promising
12398,46,1,1635.66,4,1,4,New Promising
12399,119,7,1962.3,3,4,4,Loyal Customers
12400,414,1,205.25,1,1,1,Lost
12401,303,1,84.3,2,1,1,Lost
12402,323,7,1244.15,2,4,4,At Risk
12403,50,3,1001.36,4,2,3,New Promising
12404,682,1,63.24,1,1,1,Lost
12405,149,1,1710.39,3,1,4,Others
12406,22,7,6072.21,4,4,5,Champions
12407,50,5,1708.12,4,3,4,Loyal Customers
12408,33,14,4279.64,4,5,5,Champions
12409,79,13,23090.47,3,5,5,Loyal Customers
12410,301,4,1001.46,2,3,3,At Risk
12411,410,1,346.9,1,1,2,Lost
12412,75,8,2581.03,3,4,4,Loyal Customers
12413,67,6,935.5,3,4,3,Loyal Customers
12414,217,8,692.41,2,4,3,At Risk
12415,24,33,143269.29,4,5,5,Champions
12416,657,1,202.56,1,1,1,Lost
12417,3,27,6688.71,5,5,5,Champions
12418,113,5,2016.95,3,3,4,Loyal Customers
12419,386,2,503.01,2,2,2,Lost
12420,64,1,600.39,3,1,3,Others
12421,16,8,1092.83,5,4,3,Loyal Customers
12422,96,21,4119.35,3,5,5,Loyal Customers
12423,1,11,2612.19,5,5,4,Champions
12424,163,7,3289.78,3,4,5,Loyal Customers
12425,78,3,1680.81,3,2,4,Others
12426,195,3,1311.41,2,2,4,Cannot Lose Them
12427,12,5,708.37,5,3,3,Loyal Customers
12428,26,12,7877.2,4,5,5,Champions
12429,9,9,6154.01,5,4,5,Champions
12430,43,1,256.4,4,1,1,New Promising
12431,36,33,10293.66,4,5,5,Champions
12432,43,5,5059.32,4,3,5,Loyal Customers
12433,1,11,16641.74,5,5,5,Champions
12434,85,5,1062.48,3,3,3,Loyal Customers
12435,80,6,13925.93,3,4,5,Loyal Customers
12436,100,1,509.01,3,1,2,Others
12437,2,47,12394.85,5,5,5,Champions
12438,14,2,2906.85,5,2,5,New Promising
12439,683,3,1089.18,1,2,3,Cannot Lose Them
12440,457,3,768.15,1,2,3,Cannot Lose Them
12441,367,1,173.55,2,1,1,Lost
12442,3,1,172.06,5,1,1,New Promising
12443,732,1,485.31,1,1,2,Lost
12444,21,5,5005.46,4,3,5,Loyal Customers
12445,22,3,426.48,4,2,2,New Promising
12446,58,1,1002.31,3,1,3,Others
12447,243,1,476.49,2,1,2,Lost
12448,44,1,449.45,4,1,2,New Promising
12449,22,6,4835.89,4,4,5,Champions
12450,156,7,666.95,3,4,3,Loyal Customers
12451,11,10,12546.53,5,4,5,Champions
12452,17,3,428.57,5,2,2,New Promising
12453,134,1,707.09,3,1,3,Others
12454,53,9,4292.71,4,4,5,Champions
12455,73,10,5879.95,3,4,5,Loyal Customers
12456,44,4,3153.89,4,3,5,Loyal Customers
12457,58,14,2472.31,3,5,4,Loyal Customers
12458,71,4,1777.49,3,3,4,Loyal Customers
12459,605,1,454.36,1,1,2,Lost
12460,456,1,326.65,1,1,2,Lost
12461,94,2,826.88,3,2,3,Others
12462,2,4,1124.01,5,3,3,Loyal Customers
12463,46,7,1303.63,4,4,4,Champions
12464,10,8,1212.05,5,4,4,Champions
12465,8,3,733.89,5,2,3,New Promising
12466,682,1,56.73,1,1,1,Lost
12468,143,10,3624.55,3,4,5,Loyal Customers
12469,523,2,3070.54,1,2,5,Cannot Lose Them
12470,690,1,211.95,1,1,1,Lost
12471,2,129,37920.01,5,5,5,Champions
12472,31,37,15447.69,4,5,5,Champions
12473,29,9,2837.73,4,4,4,Champions
12474,17,54,11948.75,5,5,5,Champions
12475,54,2,1149.64,4,2,3,New Promising
12476,1,38,13684.12,5,5,5,Champions
12477,23,12,20173.64,4,5,5,Champions
12478,4,1,680.99,5,1,3,New Promising
12479,4,3,477.3,5,2,2,New Promising
12480,28,8,5435.1,4,4,5,Champions
12481,23,18,12041.15,4,5,5,Champions
12482,450,32,21893.53,1,5,5,At Risk
12483,17,27,4823.47,5,5,5,Champions
12484,33,16,6287.8,4,5,5,Champions
12485,529,1,708.1,1,1,3,Cannot Lose Them
12486,432,1,1037.28,1,1,3,Cannot Lose Them
12487,731,2,259.8,1,2,1,Lost
12488,10,3,1298.66,5,2,4,New Promising
12489,336,1,334.93,2,1,2,Lost
12490,5,22,9818.64,5,5,5,Champions
12491,39,1,460.4,4,1,2,New Promising
12492,63,3,715.21,3,2,3,Others
12493,166,3,416.79,3,2,2,Others
12494,10,17,1685.92,5,5,4,Champions
12495,635,2,323.4,1,2,2,Lost
12496,620,2,45.34,1,2,1,Lost
12497,82,4,6211.75,3,3,5,Loyal Customers
12498,21,3,403.7,4,2,2,New Promising
12499,560,1,393.72,1,1,2,Lost
12500,23,25,5872.31,4,5,5,Champions
12501,315,2,2089.68,2,2,4,Cannot Lose Them
12502,96,5,3723.87,3,3,5,Loyal Customers
12504,18,6,411.0,5,4,2,Others
12505,301,3,908.0,2,2,3,Cannot Lose Them
12506,233,1,73.5,2,1,1,Lost
12507,134,5,1797.31,3,3,4,Loyal Customers
12508,26,2,397.88,4,2,2,New Promising
12509,284,1,176.5,2,1,1,Lost
12510,143,16,3689.33,3,5,5,Loyal Customers
12511,415,2,3065.77,1,2,5,Cannot Lose Them
12512,66,2,132.18,3,2,1,Others
12513,85,2,586.79,3,2,2,Others
12514,267,2,1597.76,2,2,4,Cannot Lose Them
12515,353,1,383.7,2,1,2,Lost
12516,78,4,2648.62,3,3,4,Loyal Customers
12517,28,6,2443.65,4,4,4,Champions
12518,1,5,2056.89,5,3,4,Loyal Customers
12519,64,3,685.19,3,2,3,Others
12520,79,6,2582.51,3,4,4,Loyal Customers
12521,143,1,599.68,3,1,3,Others
12522,39,2,192.72,4,2,1,New Promising
12523,2,30,4201.05,5,5,5,Champions
12524,9,18,11091.36,5,5,5,Champions
12525,491,8,835.18,1,4,3,At Risk
12526,1,3,1316.66,5,2,4,New Promising
12527,82,5,735.51,3,3,3,Loyal Customers
12528,9,8,1922.28,5,4,4,Champions
12529,523,2,311.78,1,2,2,Lost
12530,60,12,3689.86,3,5,5,Loyal Customers
12531,15,3,1899.05,5,2,4,New Promising
12532,30,1,349.83,4,1,2,New Promising
12533,619,6,1149.99,1,4,3,At Risk
12534,131,1,1089.18,3,1,3,Others
12535,92,2,716.35,3,2,3,Others
12536,8,5,4106.82,5,3,5,Loyal Customers
12537,409,1,732.94,1,1,3,Cannot Lose Them
12538,29,2,640.45,4,2,3,New Promising
12539,22,8,9498.9,4,4,5,Champions
12540,20,36,22107.29,4,5,5,Champions
12541,30,3,981.18,4,2,3,New Promising
12542,484,4,423.38,1,3,2,At Risk
12543,448,1,980.25,1,1,3,Cannot Lose Them
12544,30,2,355.7,4,2,2,New Promising
12545,75,2,1000.39,3,2,3,Others
12546,47,3,1141.5,4,2,3,New Promising
12547,198,3,383.58,2,2,2,Lost
12548,166,1,95.2,3,1,1,Others
12549,576,6,1575.68,1,4,4,At Risk
12550,79,1,964.83,3,1,3,Others
12551,358,1,168.0,2,1,1,Lost
12552,39,2,437.82,4,2,2,New Promising
12553,8,17,4548.82,5,5,5,Champions
12554,449,1,468.5,1,1,2,Lost
12555,682,1,129.23,1,1,1,Lost
12556,50,2,599.56,4,2,3,New Promising
12557,16,8,18096.14,5,4,5,Champions
12558,2,2,0.0,5,2,1,New Promising
12559,311,3,536.21,2,2,2,Lost
12560,5,4,2101.39,5,3,4,Loyal Customers
12561,303,1,238.85,2,1,1,Lost
12562,8,9,4966.92,5,4,5,Champions
12563,409,1,249.24,1,1,1,Lost
12564,261,1,456.9,2,1,2,Lost
12565,282,2,131.17,2,2,1,Lost
12566,73,2,346.7,3,2,2,Others
12567,23,17,11451.44,4,5,5,Champions
12568,645,1,70.0,1,1,1,Lost
12569,2,35,4064.99,5,5,5,Champions
12570,682,1,77.52,1,1,1,Lost
12571,40,2,519.61,4,2,2,New Promising
12572,9,3,1004.72,5,2,3,New Promising
12573,227,5,717.41,2,3,3,At Risk
12574,316,1,218.45,2,1,1,Lost
12575,457,2,622.82,1,2,3,Cannot Lose Them
12576,36,11,2083.87,4,5,4,Champions
12577,35,9,1554.7,4,4,4,Champions
12578,21,7,4572.45,4,4,5,Champions
12579,73,3,410.72,3,2,2,Others
12580,247,2,1052.9,2,2,3,Cannot Lose Them
12581,40,1,197.71,4,1,1,New Promising
12582,239,4,1980.4,2,3,4,At Risk
12583,3,31,13489.04,5,5,5,Champions
12584,4,18,1893.95,5,5,4,Champions
12585,234,4,1982.81,2,3,4,At Risk
12586,17,5,2045.67,5,3,4,Loyal Customers
12587,8,1,144.0,5,1,1,New Promising
12588,39,5,938.98,4,3,3,Loyal Customers
12589,29,11,3094.17,4,5,5,Champions
12590,190,5,9853.48,2,3,5,At Risk
12591,317,3,1338.95,2,2,4,Cannot Lose Them
12592,92,8,1152.62,3,4,3,Loyal Customers
12593,109,3,418.1,3,2,2,Others
12594,38,17,5044.51,4,5,5,Champions
12595,505,1,299.02,1,1,2,Lost
12596,51,2,618.27,4,2,3,New Promising
12597,19,5,3683.13,4,3,5,Loyal Customers
12598,10,15,4414.67,5,5,5,Champions
12599,29,13,2296.72,4,5,4,Champions
12600,29,26,4879.29,4,5,5,Champions
12601,190,7,673.76,2,4,3,At Risk
12602,59,1,153.12,3,1,1,Others
12603,22,1,739.2,4,1,3,New Promising
12604,79,2,254.18,3,2,1,Others
12605,365,5,1225.45,2,3,4,At Risk
12606,682,1,21.0,1,1,1,Lost
12608,405,1,415.79,2,1,2,Lost
12609,78,10,3417.86,3,4,5,Loyal Customers
12610,23,7,2057.99,4,4,4,Champions
12611,52,1,1193.32,4,1,4,New Promising
12612,58,2,643.59,3,2,3,Others
12613,31,13,6573.82,4,5,5,Champions
12614,278,1,315.6,2,1,2,Lost
12615,2,11,5564.88,5,5,5,Champions
12616,85,7,1045.35,3,4,3,Loyal Customers
12617,29,1,352.98,4,1,2,New Promising
12618,22,1,177.31,4,1,1,New Promising
12619,16,14,3354.95,5,5,5,Champions
12620,15,3,1339.41,5,2,4,New Promising
12621,2,44,24114.7,5,5,5,Champions
12622,232,1,180.1,2,1,1,Lost
12623,276,9,3639.84,2,4,5,At Risk
12624,106,2,641.13,3,2,3,Others
12625,212,5,5095.38,2,3,5,At Risk
12626,23,13,6388.35,4,5,5,Champions
12627,11,7,4478.53,5,4,5,Champions
12628,4,4,769.61,5,3,3,Loyal Customers
12629,386,2,1558.22,2,2,4,Cannot Lose Them
12630,10,2,1270.88,5,2,4,New Promising
12631,57,7,3452.27,4,4,5,Champions
12632,521,4,738.88,1,3,3,At Risk
12633,59,10,5595.21,3,4,5,Loyal Customers
12634,536,2,490.0,1,2,2,Lost
12635,90,4,2930.41,3,3,5,Loyal Customers
12636,739,1,141.0,1,1,1,Lost
12637,67,14,8215.16,3,5,5,Loyal Customers
12638,33,2,921.49,4,2,3,New Promising
12639,239,3,1312.37,2,2,4,Cannot Lose Them
12640,24,3,1174.58,4,2,3,New Promising
12641,115,1,185.9,3,1,1,Others
12642,25,3,1013.26,4,2,3,New Promising
12643,128,14,7835.3,3,5,5,Loyal Customers
12644,130,6,1815.54,3,4,4,Loyal Customers
12645,34,10,3499.1,4,4,5,Champions
12646,5,2,1346.97,5,2,4,New Promising
12647,22,45,16713.99,4,5,5,Champions
12648,155,5,1097.0,3,3,3,Loyal Customers
12649,107,10,2258.5,3,4,4,Loyal Customers
12650,3,1,314.44,5,1,2,New Promising
12651,335,5,365.3,2,3,2,At Risk
12652,322,3,1011.58,2,2,3,Cannot Lose Them
12653,149,3,4160.83,3,2,5,Others
12654,11,5,601.98,5,3,3,Loyal Customers
12655,424,1,261.35,1,1,1,Lost
12656,17,12,6320.78,5,5,5,Champions
12657,11,5,1152.06,5,3,3,Loyal Customers
12658,19,1,686.05,4,1,3,New Promising
12659,30,1,91.68,4,1,1,New Promising
12660,11,1,245.1,5,1,1,New Promising
12661,436,1,162.0,1,1,1,Lost
12662,1,22,6687.69,5,5,5,Champions
12663,625,3,204.0,1,2,1,Lost
12664,8,12,6052.04,5,5,5,Champions
12665,325,5,301.45,2,3,2,At Risk
12666,359,2,1020.98,2,2,3,Cannot Lose Them
12667,58,1,620.13,3,1,3,Others
12668,7,12,11319.06,5,5,5,Champions
12669,151,4,1607.73,3,3,4,Loyal Customers
12670,10,8,3750.39,5,4,5,Champions
12671,606,1,2622.48,1,1,4,Cannot Lose Them
12672,330,3,410.5,2,2,2,Lost
12673,5,3,1230.02,5,2,4,New Promising
12674,12,7,1922.26,5,4,4,Champions
12675,554,4,933.55,1,3,3,At Risk
12676,25,12,2773.09,4,5,4,Champions
12677,555,3,389.3,1,2,2,Lost
12678,42,23,33851.13,4,5,5,Champions
12679,52,9,1058.67,4,4,3,Loyal Customers
12680,1,4,880.81,5,3,3,Loyal Customers
12681,15,56,29518.24,5,5,5,Champions
12682,4,53,22862.12,5,5,5,Champions
12683,4,27,11355.52,5,5,5,Champions
12684,8,7,2283.63,5,4,4,Champions
12685,28,6,2863.08,4,4,5,Champions
12686,372,1,89.14,2,1,1,Lost
12687,481,2,2138.91,1,2,4,Cannot Lose Them
12688,114,1,4873.81,3,1,5,Others
12689,26,2,1247.61,4,2,4,New Promising
12690,206,1,389.01,2,1,2,Lost
12691,28,7,1170.4,4,4,3,Loyal Customers
12692,637,1,110.95,1,1,1,Lost
12693,121,11,1640.42,3,5,4,Loyal Customers
12694,70,4,1839.45,3,3,4,Loyal Customers
12695,7,7,1407.12,5,4,4,Champions
12696,435,3,801.15,1,2,3,Cannot Lose Them
12697,21,5,939.02,4,3,3,Loyal Customers
12698,590,1,339.75,1,1,2,Lost
12699,418,1,638.11,1,1,3,Cannot Lose Them
12700,8,6,4867.99,5,4,5,Champions
12701,80,6,2446.41,3,4,4,Loyal Customers
12702,20,1,219.0,4,1,1,New Promising
12703,64,7,892.18,3,4,3,Loyal Customers
12704,7,10,2220.84,5,4,4,Champions
12705,15,22,11554.0,5,5,5,Champions
12707,292,1,603.42,2,1,3,Cannot Lose Them
12708,30,30,4921.72,4,5,5,Champions
12709,3,55,29511.03,5,5,5,Champions
12710,97,4,1130.57,3,3,3,Loyal Customers
12711,612,2,1339.05,1,2,4,Cannot Lose Them
12712,23,28,6521.78,4,5,5,Champions
12713,1,1,848.55,5,1,3,New Promising
12714,9,12,14093.71,5,5,5,Champions
12715,106,1,343.36,3,1,2,Others
12716,4,2,1053.49,5,2,3,New Promising
12717,151,4,1258.91,3,3,4,Loyal Customers
12718,71,1,238.25,3,1,1,Others
12719,5,3,608.1,5,2,3,New Promising
12720,3,41,7574.49,5,5,5,Champions
12721,32,10,3933.83,4,4,5,Champions
12722,85,6,904.33,3,4,3,Loyal Customers
12723,4,5,725.07,5,3,3,Loyal Customers
12724,5,7,2317.52,5,4,4,Champions
12725,371,4,2266.76,2,3,4,At Risk
12726,28,11,4014.6,4,5,5,Champions
12727,11,12,5646.53,5,5,5,Champions
12728,71,5,1070.17,3,3,3,Loyal Customers
12729,114,1,453.01,3,1,2,Others
12730,522,1,829.25,1,1,3,Cannot Lose Them
12731,24,19,25673.21,4,5,5,Champions
12732,180,1,236.26,3,1,1,Others
12733,234,6,2326.82,2,4,4,At Risk
12734,353,3,639.65,2,2,3,Cannot Lose Them
12735,315,2,779.57,2,2,3,Cannot Lose Them
12736,333,1,234.0,2,1,1,Lost
12737,499,2,3710.5,1,2,5,Cannot Lose Them
12738,372,1,155.35,2,1,1,Lost
12739,78,4,2726.73,3,3,4,Loyal Customers
12740,64,1,427.6,3,1,2,Others
12741,529,2,406.07,1,2,2,Lost
12742,600,2,1185.02,1,2,3,Cannot Lose Them
12743,134,2,540.13,3,2,2,Others
12744,52,14,13158.16,4,5,5,Champions
12745,487,3,925.41,1,2,3,Cannot Lose Them
12746,528,3,230.85,1,2,1,Lost
12747,2,32,8786.53,5,5,5,Champions
12748,1,365,46933.33,5,5,5,Champions
12749,4,16,6328.49,5,5,5,Champions
12750,129,1,275.88,3,1,1,Others
12751,445,1,268.27,1,1,1,Lost
12752,81,1,4366.78,3,1,5,Others
12753,4,11,21024.01,5,5,5,Champions
12754,236,5,2949.12,2,3,5,At Risk
12755,250,22,2611.95,2,5,4,At Risk
12756,87,1,112.08,3,1,1,Others
12757,16,19,4205.25,5,5,5,Champions
12758,117,8,9779.0,3,4,5,Loyal Customers
12759,52,8,5020.74,4,4,5,Champions
12760,456,1,347.8,1,1,2,Lost
12761,458,2,782.95,1,2,3,Cannot Lose Them
12762,8,2,1898.52,5,2,4,New Promising
12763,138,2,494.08,3,2,2,Others
12764,317,1,1693.88,2,1,4,Cannot Lose Them
12765,472,6,1404.58,1,4,4,At Risk
12766,4,11,8877.14,5,5,5,Champions
12767,376,1,949.82,2,1,3,Cannot Lose Them
12769,239,1,1143.6,2,1,3,Cannot Lose Them
12770,211,7,2975.95,2,4,5,At Risk
12771,465,2,262.5,1,2,1,Lost
12772,60,1,892.47,3,1,3,Others
12774,536,1,98.7,1,1,1,Lost
12775,17,8,1651.32,5,4,4,Champions
12776,668,1,55.5,1,1,1,Lost
12777,458,1,519.45,1,1,2,Lost
12778,20,10,1757.68,4,4,4,Champions
12779,21,21,6158.6,4,5,5,Champions
12780,599,1,337.4,1,1,2,Lost
12781,21,5,707.72,4,3,3,Loyal Customers
12782,5,14,4526.04,5,5,5,Champions
12783,2,8,1603.87,5,4,4,Champions
12784,9,3,1763.15,5,2,4,New Promising
12785,3,5,1079.31,5,3,3,Loyal Customers
12786,610,1,728.5,1,1,3,Cannot Lose Them
12787,10,5,859.18,5,3,3,Loyal Customers
12788,463,4,444.9,1,3,2,At Risk
12789,65,3,273.35,3,2,1,Others
12790,192,3,563.45,2,2,2,Lost
12791,374,8,585.15,2,4,2,At Risk
12792,257,3,813.88,2,2,3,Cannot Lose Them
12793,335,3,885.53,2,2,3,Cannot Lose Them
12794,53,2,860.41,4,2,3,New Promising
12795,19,1,430.48,4,1,2,New Promising
12796,628,1,381.0,1,1,2,Lost
12797,360,6,471.43,2,4,2,At Risk
12798,10,4,8510.93,5,3,5,Loyal Customers
12799,529,1,219.35,1,1,1,Lost
12800,470,3,584.25,1,2,2,Lost
12801,478,2,1031.87,1,2,3,Cannot Lose Them
12802,184,9,2350.42,2,4,4,At Risk
12803,393,1,1092.81,2,1,3,Cannot Lose Them
12804,466,2,325.37,1,2,2,Lost
12805,382,4,1434.95,2,3,4,At Risk
12806,435,4,2878.96,1,3,5,At Risk
12807,383,3,269.95,2,2,1,Lost
12808,37,5,776.7,4,3,3,Loyal Customers
12809,168,8,1705.34,3,4,4,Loyal Customers
12810,535,2,534.99,1,2,2,Lost
12811,261,5,1033.9,2,3,3,At Risk
12812,45,1,229.64,4,1,1,New Promising
12813,502,3,1687.8,1,2,4,Cannot Lose Them
12814,102,1,125.92,3,1,1,Others
12815,148,2,1063.46,3,2,3,Others
12816,96,2,572.2,3,2,2,Others
12817,281,3,690.98,2,2,3,Cannot Lose Them
12818,178,2,1517.88,3,2,4,Others
12819,458,1,540.52,1,1,2,Lost
12820,3,13,2647.94,5,5,4,Champions
12821,214,2,220.8,2,2,1,Lost
12822,71,3,918.98,3,2,3,Others
12823,75,18,6501.5,3,5,5,Loyal Customers
12824,60,1,397.12,3,1,2,Others
12825,521,2,518.63,1,2,2,Lost
12826,3,15,2773.69,5,5,4,Champions
12827,6,3,430.15,5,2,2,New Promising
12828,3,6,1018.71,5,4,3,Loyal Customers
12829,322,4,345.35,2,3,2,At Risk
12830,38,7,6748.4,4,4,5,Champions
12831,262,3,451.11,2,2,2,Lost
12832,32,2,383.03,4,2,2,New Promising
12833,145,1,417.38,3,1,2,Others
12834,283,1,312.38,2,1,2,Lost
12835,418,49,5972.19,1,5,5,At Risk
12836,59,17,6520.58,3,5,5,Loyal Customers
12837,173,2,662.66,3,2,3,Others
12838,34,12,2953.46,4,5,5,Champions
12839,3,31,9525.22,5,5,5,Champions
12840,144,11,4013.87,3,5,5,Loyal Customers
12841,5,42,6808.0,5,5,5,Champions
12842,70,4,1917.99,3,3,4,Loyal Customers
12843,66,34,6340.56,3,5,5,Loyal Customers
12844,29,4,648.6,4,3,3,Loyal Customers
12845,267,4,354.09,2,3,2,At Risk
12846,682,1,15.58,1,1,1,Lost
12847,22,2,1609.0,4,2,4,New Promising
12848,676,1,208.0,1,1,1,Lost
12849,31,6,3042.47,4,4,5,Champions
12850,446,1,330.0,1,1,2,Lost
12851,97,2,280.76,3,2,2,Others
12852,290,2,299.75,2,2,2,Lost
12853,108,16,3728.5,3,5,5,Loyal Customers
12854,79,11,2899.32,3,5,5,Loyal Customers
12855,373,4,612.84,2,3,3,At Risk
12856,8,8,2153.53,5,4,4,Champions
12857,211,7,3684.25,2,4,5,At Risk
12858,383,2,121.08,2,2,1,Lost
12859,459,1,575.1,1,1,2,Lost
12860,693,1,54.22,1,1,1,Lost
12861,620,1,68.25,1,1,1,Lost
12862,426,2,984.62,1,2,3,Cannot Lose Them
12863,52,7,2775.55,4,4,4,Champions
12864,138,2,299.57,3,2,2,Others
12865,26,5,3303.31,4,3,5,Loyal Customers
12866,283,3,1227.35,2,2,4,Cannot Lose Them
12867,26,16,7778.66,4,5,5,Champions
12868,186,8,2043.76,2,4,4,At Risk
12869,682,1,337.67,1,1,2,Lost
12870,366,4,1662.05,2,3,4,At Risk
12871,84,3,744.02,3,2,3,Others
12872,327,13,3276.81,2,5,5,At Risk
12873,282,3,2027.3,2,2,4,Cannot Lose Them
12874,385,3,933.42,2,2,3,Cannot Lose Them
12875,143,5,1356.99,3,3,4,Loyal Customers
12876,58,5,4068.59,3,3,5,Loyal Customers
12877,4,20,2942.14,5,5,5,Champions
12878,18,3,841.64,5,2,3,New Promising
12879,45,4,552.57,4,3,2,Others
12880,382,2,640.13,2,2,3,Cannot Lose Them
12881,276,1,298.0,2,1,2,Lost
12882,9,2,1463.04,5,2,4,New Promising
12883,25,4,703.47,4,3,3,Loyal Customers
12884,88,1,309.05,3,1,2,Others
12885,63,4,1158.27,3,3,3,Loyal Customers
12886,68,3,1351.09,3,2,4,Others
12887,384,1,222.4,2,1,1,Lost
12888,214,4,313.77,2,3,2,At Risk
12889,381,6,365.66,2,4,2,At Risk
12890,24,2,706.02,4,2,3,New Promising
12891,186,12,819.5,2,5,3,At Risk
12892,397,1,263.38,2,1,1,Lost
12893,31,1,176.55,4,1,1,New Promising
12894,575,1,157.35,1,1,1,Lost
12895,42,3,347.3,4,2,2,New Promising
12897,205,4,514.25,2,3,2,At Risk
12898,464,2,296.21,1,2,2,Lost
12899,414,1,366.4,1,1,2,Lost
12900,422,1,340.33,1,1,2,Lost
12901,9,36,16293.1,5,5,5,Champions
12902,265,1,138.68,2,1,1,Lost
12903,429,1,833.53,1,1,3,Cannot Lose Them
12904,18,2,496.06,5,2,2,New Promising
12905,577,3,1011.82,1,2,3,Cannot Lose Them
12906,12,5,2919.81,5,3,5,Loyal Customers
12907,396,3,440.36,2,2,2,Lost
12908,59,7,1272.0,3,4,4,Loyal Customers
12909,40,13,3034.77,4,5,5,Champions
12910,23,14,5747.02,4,5,5,Champions
12911,552,1,1651.72,1,1,4,Cannot Lose Them
12912,3,5,1662.3,5,3,4,Loyal Customers
12913,5,13,6283.24,5,5,5,Champions
12914,401,1,223.98,2,1,1,Lost
12915,149,8,885.2,3,4,3,Loyal Customers
12916,139,8,4455.93,3,4,5,Loyal Customers
12917,128,8,4329.5,3,4,5,Loyal Customers
12919,8,8,1301.44,5,4,4,Champions
12920,17,4,486.64,5,3,2,Others
12921,4,103,33951.65,5,5,5,Champions
12922,161,1,405.38,3,1,2,Others
12923,64,3,770.42,3,2,3,Others
12924,88,14,2423.15,3,5,4,Loyal Customers
12925,5,3,729.33,5,2,3,New Promising
12926,411,4,1523.97,1,3,4,At Risk
12927,395,1,197.31,2,1,1,Lost
12928,35,12,4304.89,4,5,5,Champions
12929,122,2,105.1,3,2,1,Others
12930,78,4,409.9,3,3,2,Others
12931,22,71,71299.67,4,5,5,Champions
12932,539,8,1698.56,1,4,4,At Risk
12933,24,11,1576.88,4,5,4,Champions
12934,737,1,181.65,1,1,1,Lost
12935,2,19,4182.01,5,5,5,Champions
12936,17,5,1012.9,5,3,3,Loyal Customers
12937,15,9,3097.61,5,4,5,Champions
12938,26,1,114.14,4,1,1,New Promising
12939,64,20,25264.8,3,5,5,Loyal Customers
12940,46,4,862.44,4,3,3,Loyal Customers
12941,724,1,377.49,1,1,2,Lost
12942,131,3,675.6,3,2,3,Others
12943,301,4,489.0,2,3,2,At Risk
12944,36,2,604.51,4,2,3,New Promising
12945,288,2,900.11,2,2,3,Cannot Lose Them
12946,437,1,324.45,1,1,2,Lost
12947,144,11,1407.29,3,5,4,Loyal Customers
12948,16,10,2306.18,5,4,4,Champions
12949,31,28,15391.0,4,5,5,Champions
12950,2,3,1843.0,5,2,4,New Promising
12951,9,20,3164.42,5,5,5,Champions
12952,6,5,1382.84,5,3,4,Loyal Customers
12953,10,2,828.81,5,2,3,New Promising
12954,639,1,162.45,1,1,1,Lost
12955,1,14,4734.26,5,5,5,Champions
12956,306,4,521.89,2,3,2,At Risk
12957,4,21,8628.42,5,5,5,Champions
12958,400,2,467.34,2,2,2,Lost
12959,484,2,133.35,1,2,1,Lost
12960,414,4,1322.07,1,3,4,At Risk
12961,379,1,211.99,2,1,1,Lost
12962,7,2,266.39,5,2,1,New Promising
12963,8,14,3146.99,5,5,5,Champions
12964,437,1,132.24,1,1,1,Lost
12965,89,1,769.81,3,1,3,Others
12966,10,1,160.18,5,1,1,New Promising
12967,3,5,2472.37,5,3,4,Loyal Customers
12968,112,1,135.95,3,1,1,Others
12969,603,1,122.45,1,1,1,Lost
12970,7,10,1453.6,5,4,4,Champions
12971,4,120,15214.55,5,5,5,Champions
12972,414,6,1115.95,1,4,3,At Risk
12973,414,1,385.55,1,1,2,Lost
12974,198,2,408.95,2,2,2,Lost
12975,430,8,1993.99,1,4,4,At Risk
12976,212,8,3156.38,2,4,5,At Risk
12977,156,4,513.88,3,3,2,Others
12978,385,6,2496.07,2,4,4,At Risk
12979,729,2,479.54,1,2,2,Lost
12980,156,26,15909.39,3,5,5,Loyal Customers
12981,30,2,372.22,4,2,2,New Promising
12982,240,17,2562.12,2,5,4,At Risk
12983,598,1,490.08,1,1,2,Lost
12984,19,1,97.5,4,1,1,New Promising
12985,1,3,1215.62,5,2,4,New Promising
12986,403,12,1998.34,2,5,4,At Risk
12987,74,6,1298.51,3,4,4,Loyal Customers
12988,292,1,505.82,2,1,2,Lost
12989,3,39,12846.8,5,5,5,Champions
12990,31,7,955.5,4,4,3,Loyal Customers
12991,23,3,764.82,4,2,3,New Promising
12992,725,1,93.35,1,1,1,Lost
12993,23,10,1191.26,4,4,4,Champions
12994,4,5,902.22,5,3,3,Loyal Customers
12995,78,2,200.72,3,2,1,Others
12996,376,1,355.5,2,1,2,Lost
12997,22,16,2065.11,4,5,4,Champions
12998,493,4,897.38,1,3,3,At Risk
12999,196,3,455.88,2,2,2,Lost
13000,107,5,965.0,3,3,3,Loyal Customers
13001,4,37,24006.6,5,5,5,Champions
13002,318,3,414.13,2,2,2,Lost
13003,106,3,149.05,3,2,1,Others
13004,12,46,11143.99,5,5,5,Champions
13005,174,6,935.03,3,4,3,Loyal Customers
13006,56,1,81.57,4,1,1,New Promising
13007,580,1,175.25,1,1,1,Lost
13008,323,7,543.28,2,4,2,At Risk
13009,673,1,234.0,1,1,1,Lost
13010,374,2,330.12,2,2,2,Lost
13011,372,1,50.55,2,1,1,Lost
13012,9,15,2576.18,5,5,4,Champions
13013,1,31,11073.48,5,5,5,Champions
13014,3,18,5220.83,5,5,5,Champions
13015,53,14,6459.08,4,5,5,Champions
13016,73,3,789.89,3,2,3,Others
13017,7,1,204.0,5,1,1,New Promising
13018,16,37,9742.81,5,5,5,Champions
13019,379,8,1212.95,2,4,4,At Risk
13020,548,5,606.96,1,3,3,At Risk
13021,4,24,4806.66,5,5,5,Champions
13022,430,1,65.3,1,1,1,Lost
13023,64,3,1449.03,3,2,4,Others
13024,464,3,535.42,1,2,2,Lost
13025,732,1,323.39,1,1,2,Lost
13026,1,13,1690.12,5,5,4,Champions
13027,114,23,17052.0,3,5,5,Loyal Customers
13028,23,3,659.68,4,2,3,New Promising
13029,31,5,1927.3,4,3,4,Loyal Customers
13030,11,2,752.44,5,2,3,New Promising
13031,407,5,3292.84,2,3,5,At Risk
13032,39,11,2790.0,4,5,4,Champions
13033,357,2,220.55,2,2,1,Lost
13034,55,3,756.82,4,2,3,New Promising
13035,58,4,1328.95,3,3,4,Loyal Customers
13036,685,1,307.1,1,1,2,Lost
13037,138,16,3842.55,3,5,5,Loyal Customers
13038,80,3,908.46,3,3,3,Loyal Customers
13039,584,4,1010.73,1,3,3,At Risk
13040,9,2,676.99,5,2,3,New Promising
13041,451,4,799.13,1,3,3,At Risk
13042,584,4,1454.84,1,3,4,At Risk
13043,254,2,471.57,2,2,2,Lost
13044,291,13,4818.35,2,5,5,At Risk
13045,99,3,808.92,3,3,3,Loyal Customers
13046,31,3,949.25,4,3,3,Loyal Customers
13047,32,42,8100.09,4,5,5,Champions
13048,14,13,4000.08,5,5,5,Champions
13049,64,5,1384.14,3,3,4,Loyal Customers
13050,9,57,11464.43,5,5,5,Champions
13051,579,2,155.8,1,2,1,Lost
13052,212,7,3119.33,2,4,5,At Risk
13053,622,1,127.65,1,1,1,Lost
13055,64,6,2292.51,3,4,4,Loyal Customers
13056,551,1,209.48,1,1,1,Lost
13057,530,4,528.24,1,3,2,At Risk
13058,25,3,271.4,4,3,1,Others
13059,250,12,2261.22,2,5,4,At Risk
13060,254,1,307.53,2,1,2,Lost
13061,72,1,248.61,3,1,1,Others
13062,191,1,346.98,2,1,2,Lost
13063,481,1,188.4,1,1,1,Lost
13064,13,6,1666.84,5,4,4,Champions
13065,373,6,1050.1,2,4,3,At Risk
13066,24,3,430.9,4,3,2,Others
13067,82,3,508.51,3,3,2,Others
13068,10,2,344.0,5,2,2,New Promising
13069,1,42,8348.79,5,5,5,Champions
13070,192,5,743.9,2,3,3,At Risk
13071,612,1,129.22,1,1,1,Lost
13072,267,1,177.15,2,1,1,Lost
13073,411,2,418.08,1,2,2,Lost
13074,511,5,1362.84,1,3,4,At Risk
13075,130,1,919.61,3,1,3,Others
13076,458,1,135.4,1,1,1,Lost
13077,1,14,2716.15,5,5,4,Champions
13078,1,95,28369.44,5,5,5,Champions
13079,4,6,419.18,5,4,2,Others
13080,179,5,260.83,3,3,1,Others
13081,1,44,55961.37,5,5,5,Champions
13082,126,25,7268.92,3,5,5,Loyal Customers
13083,4,3,395.43,5,3,2,Others
13084,488,2,116.45,1,2,1,Lost
13085,158,10,1459.46,3,4,4,Loyal Customers
13086,383,1,439.33,2,1,2,Lost
13087,726,1,313.64,1,1,2,Lost
13088,417,1,236.11,1,1,1,Lost
13089,3,247,109893.24,5,5,5,Champions
13090,9,30,12759.93,5,5,5,Champions
13092,71,15,2007.33,3,5,4,Loyal Customers
13093,267,88,53274.33,2,5,5,At Risk
13094,21,17,1990.98,4,5,4,Champions
13095,71,1,74.4,3,1,1,Others
13096,394,1,419.7,2,1,2,Lost
13097,33,40,12796.61,4,5,5,Champions
13098,1,41,28658.88,5,5,5,Champions
13099,99,1,207.36,3,1,1,Others
13101,234,4,695.4,2,3,3,At Risk
13102,1,42,11123.3,5,5,5,Champions
13103,40,3,709.64,4,3,3,Loyal Customers
13104,3,9,1709.1,5,4,4,Champions
13105,436,1,72.0,1,1,1,Lost
13106,129,3,586.46,3,3,2,Others
13107,44,15,5109.62,4,5,5,Champions
13108,373,2,748.46,2,2,3,Cannot Lose Them
13109,3,7,1107.58,5,4,3,Loyal Customers
13110,31,14,2896.17,4,5,5,Champions
13111,719,1,321.88,1,1,2,Lost
13113,1,60,16236.44,5,5,5,Champions
13114,731,1,234.38,1,1,1,Lost
13115,9,23,5379.45,5,5,5,Champions
13116,117,2,485.19,3,2,2,Others
13117,22,19,2253.96,4,5,4,Champions
13118,20,12,2334.1,4,5,4,Champions
13119,669,1,134.9,1,1,1,Lost
13120,239,1,30.6,2,1,1,Lost
13121,269,2,254.73,2,2,1,Lost
13122,94,2,922.39,3,2,3,Others
13123,473,2,506.75,1,2,2,Lost
13124,90,4,4641.66,3,3,5,Loyal Customers
13125,524,1,148.62,1,1,1,Lost
13126,5,19,3679.03,5,5,5,Champions
13127,78,1,259.17,3,1,1,Others
13128,631,1,263.5,1,1,1,Lost
13129,452,2,233.25,1,2,1,Lost
13130,94,1,64.0,3,1,1,Others
13131,23,8,3279.77,4,4,5,Champions
13132,262,1,77.3,2,1,1,Lost
13133,274,3,200.45,2,3,1,At Risk
13134,73,9,2422.28,3,4,4,Loyal Customers
13135,197,2,3371.45,2,2,5,Cannot Lose Them
13136,50,24,6097.9,4,5,5,Champions
13137,11,17,7541.61,5,5,5,Champions
13138,22,8,1261.26,4,4,4,Champions
13139,16,9,8193.83,5,4,5,Champions
13140,108,5,1054.92,3,3,3,Loyal Customers
13141,85,21,7524.13,3,5,5,Loyal Customers
13142,19,1,307.09,4,1,2,New Promising
13143,582,2,399.2,1,2,2,Lost
13144,333,2,135.35,2,2,1,Lost
13145,40,8,1124.77,4,4,3,Loyal Customers
13146,26,1,228.91,4,1,1,New Promising
13147,10,4,712.8,5,3,3,Loyal Customers
13148,29,36,7999.61,4,5,5,Champions
13149,14,4,1676.06,5,3,4,Loyal Customers
13150,471,4,435.02,1,3,2,At Risk
13151,203,5,2396.16,2,3,4,At Risk
13152,417,9,2114.98,1,4,4,At Risk
13153,6,1,486.22,5,1,2,New Promising
13154,144,5,997.43,3,3,3,Loyal Customers
13155,33,6,1370.48,4,4,4,Champions
13156,385,3,1586.54,2,3,4,At Risk
13157,49,10,5667.71,4,4,5,Champions
13158,95,5,1508.18,3,3,4,Loyal Customers
13159,9,5,1371.25,5,3,4,Loyal Customers
13160,22,1,91.8,4,1,1,New Promising
13161,313,2,472.13,2,2,2,Lost
13162,122,19,9116.94,3,5,5,Loyal Customers
13164,569,3,297.46,1,3,2,At Risk
13165,46,3,1451.16,4,3,4,Loyal Customers
13166,282,3,873.43,2,3,3,At Risk
13167,19,5,1125.15,4,3,3,Loyal Customers
13168,36,6,1831.68,4,4,4,Champions
13169,64,3,840.08,3,3,3,Loyal Customers
13170,27,1,108.81,4,1,1,New Promising
13171,8,5,426.81,5,3,2,Others
13172,400,1,69.6,2,1,1,Lost
13173,4,13,2380.97,5,5,4,Champions
13174,16,12,7995.36,5,5,5,Champions
13175,554,4,793.1,1,3,3,At Risk
13176,46,1,481.49,4,1,2,New Promising
13177,65,2,512.2,3,2,2,Others
13178,26,25,13997.89,4,5,5,Champions
13179,619,1,572.31,1,1,2,Lost
13180,607,1,86.1,1,1,1,Lost
13181,381,1,359.69,2,1,2,Lost
13182,45,1,121.18,4,1,1,New Promising
13183,8,18,7010.88,5,5,5,Champions
13184,15,12,1616.45,5,5,4,Champions
13185,268,1,71.4,2,1,1,Lost
13186,40,5,1539.69,4,3,4,Loyal Customers
13187,337,5,322.66,2,3,2,At Risk
13188,11,1,114.6,5,1,1,New Promising
13189,19,2,260.68,4,2,1,New Promising
13190,544,4,518.76,1,3,2,At Risk
13191,658,1,164.69,1,1,1,Lost
13192,95,8,2544.53,3,4,4,Loyal Customers
13193,61,1,112.08,3,1,1,Others
13194,136,2,472.78,3,2,2,Others
13195,414,1,136.73,1,1,1,Lost
13196,11,8,3059.64,5,4,5,Champions
13197,610,1,373.01,1,1,2,Lost
13198,10,12,4912.28,5,5,5,Champions
13199,4,69,15936.3,5,5,5,Champions
13200,19,4,870.09,4,3,3,Loyal Customers
13201,502,4,1233.06,1,3,4,At Risk
13202,379,8,1571.35,2,4,4,At Risk
13203,10,11,2630.55,5,5,4,Champions
13204,731,1,966.66,1,1,3,Cannot Lose Them
13205,443,1,2803.2,1,1,4,Cannot Lose Them
13206,400,15,8211.0,2,5,5,At Risk
13207,15,4,535.86,5,3,2,Others
13208,59,10,1958.3,3,4,4,Loyal Customers
13209,30,16,8438.06,4,5,5,Champions
13210,94,1,353.48,3,1,2,Others
13211,10,12,2596.32,5,5,4,Champions
13212,9,4,779.33,5,3,3,Loyal Customers
13213,57,14,3834.62,4,5,5,Champions
13214,418,7,3264.23,1,4,5,At Risk
13215,402,1,81.6,2,1,1,Lost
13216,268,1,333.74,2,1,2,Lost
13217,122,6,266.12,3,4,1,Others
13218,127,1,62.64,3,1,1,Others
13219,618,1,76.23,1,1,1,Lost
13220,78,5,1336.09,3,3,4,Loyal Customers
13221,240,2,847.41,2,2,3,Cannot Lose Them
13222,577,1,88.5,1,1,1,Lost
13223,200,6,969.12,2,4,3,At Risk
13224,60,3,2150.85,3,3,4,Loyal Customers
13225,3,17,15879.27,5,5,5,Champions
13226,273,2,312.46,2,2,2,Lost
13227,202,1,257.7,2,1,1,Lost
13228,81,1,358.0,3,1,2,Others
13229,226,1,160.95,2,1,1,Lost
13230,4,31,6076.45,5,5,5,Champions
13232,13,7,1328.35,5,4,4,Champions
13233,74,4,1176.46,3,3,3,Loyal Customers
13234,673,2,346.5,1,2,2,Lost
13235,212,2,101.17,2,2,1,Lost
13236,25,3,727.27,4,3,3,Loyal Customers
13237,388,1,643.0,2,1,3,Cannot Lose Them
13238,11,7,986.73,5,4,3,Loyal Customers
13239,262,6,1579.84,2,4,4,At Risk
13240,96,9,1398.44,3,4,4,Loyal Customers
13241,412,1,112.53,1,1,1,Lost
13242,112,7,699.4,3,4,3,Loyal Customers
13243,203,5,1220.38,2,3,4,At Risk
13244,93,1,121.74,3,1,1,Others
13245,51,2,989.22,4,2,3,New Promising
13246,18,14,3242.0,5,5,5,Champions
13247,18,4,501.12,5,3,2,Others
13248,125,2,465.68,3,2,2,Others
13249,92,9,1608.93,3,4,4,Loyal Customers
13250,453,3,245.59,1,3,1,At Risk
13251,402,1,252.68,2,1,1,Lost
13252,394,3,341.3,2,3,2,At Risk
13253,157,4,2951.11,3,3,5,Loyal Customers
13254,376,1,51.41,2,1,1,Lost
13255,4,4,669.91,5,3,3,Loyal Customers
13257,428,3,117.95,1,3,1,At Risk
13258,12,5,1009.43,5,3,3,Loyal Customers
13259,62,9,1402.54,3,4,4,Loyal Customers
13260,61,1,557.62,3,1,2,Others
13261,269,2,944.1,2,2,3,Cannot Lose Them
13262,263,3,573.45,2,3,2,At Risk
13263,1,39,8676.2,5,5,5,Champions
13264,443,1,722.56,1,1,3,Cannot Lose Them
13265,53,5,2092.66,4,3,4,Loyal Customers
13266,11,30,5965.3,5,5,5,Champions
13267,3,50,9197.66,5,5,5,Champions
13268,18,15,3127.7,5,5,5,Champions
13269,1,30,8507.01,5,5,5,Champions
13270,366,1,590.0,2,1,2,Lost
13271,37,2,172.37,4,2,1,New Promising
13272,31,2,276.56,4,2,2,New Promising
13273,113,1,138.98,3,1,1,Others
13274,409,1,360.85,1,1,2,Lost
13275,384,2,238.86,2,2,1,Lost
13276,64,7,1871.21,3,4,4,Loyal Customers
13277,16,7,523.3,5,4,2,Others
13278,41,5,1428.2,4,3,4,Loyal Customers
13279,64,2,126.3,3,2,1,Others
13280,122,8,2267.83,3,4,4,Loyal Customers
13281,437,3,306.45,1,3,2,At Risk
13282,18,7,1228.89,5,4,4,Champions
13283,60,4,373.36,3,3,2,Others
13284,323,2,196.15,2,2,1,Lost
13285,23,6,3364.59,4,4,5,Champions
13286,600,1,734.91,1,1,3,Cannot Lose Them
13287,583,7,519.67,1,4,2,At Risk
13288,443,6,892.16,1,4,3,At Risk
13289,724,1,307.95,1,1,2,Lost
13291,156,11,3270.79,3,5,5,Loyal Customers
13292,39,6,987.79,4,4,3,Loyal Customers
13293,392,7,1180.34,2,4,3,At Risk
13294,190,3,1689.53,2,3,4,At Risk
13295,360,9,1061.27,2,4,3,At Risk
13296,137,6,792.51,3,4,3,Loyal Customers
13297,8,8,4352.67,5,4,5,Champions
13298,1,1,360.0,5,1,2,New Promising
13299,268,5,1173.3,2,3,3,At Risk
13300,165,5,1267.21,3,3,4,Loyal Customers
13301,104,4,618.09,3,3,3,Loyal Customers
13302,155,2,159.2,3,2,1,Others
13303,400,1,61.72,2,1,1,Lost
13304,351,7,1120.79,2,4,3,At Risk
13305,4,16,3616.41,5,5,5,Champions
13306,430,1,53.65,1,1,1,Lost
13307,120,3,273.34,3,3,1,Others
13308,23,5,1652.47,4,3,4,Loyal Customers
13309,7,6,1706.37,5,4,4,Champions
13310,9,8,1492.8,5,4,4,Champions
13311,4,2,598.57,5,2,3,New Promising
13312,451,1,124.75,1,1,1,Lost
13313,22,15,3423.27,4,5,5,Champions
13314,2,4,593.51,5,3,2,Others
13315,689,1,310.26,1,1,2,Lost
13316,37,12,12656.18,4,5,5,Champions
13317,64,31,6068.53,3,5,5,Loyal Customers
13318,1,3,640.76,5,3,3,Loyal Customers
13319,5,78,20974.96,5,5,5,Champions
13320,70,9,2144.45,3,4,4,Loyal Customers
13321,72,2,567.36,3,2,2,Others
13322,17,1,199.48,5,1,1,New Promising
13323,3,5,787.85,5,3,3,Loyal Customers
13324,32,23,10421.37,4,5,5,Champions
13325,82,1,675.3,3,1,3,Others
13326,432,1,281.76,1,1,2,Lost
13327,39,22,8996.03,4,5,5,Champions
13328,316,1,1308.48,2,1,4,Cannot Lose Them
13329,32,14,4672.82,4,5,5,Champions
13330,93,6,2796.1,3,4,4,Loyal Customers
13331,402,1,262.4,2,1,1,Lost
13332,14,1,350.9,5,1,2,New Promising
13333,411,3,1015.74,1,3,3,At Risk
13334,82,6,6195.05,3,4,5,Loyal Customers
13336,77,1,795.12,3,1,3,Others
13337,519,2,1548.55,1,2,4,Cannot Lose Them
13338,154,10,2223.62,3,4,4,Loyal Customers
13339,201,1,860.12,2,1,3,Cannot Lose Them
13340,45,12,22100.56,4,5,5,Champions
13341,261,1,775.85,2,1,3,Cannot Lose Them
13343,173,2,303.93,3,2,2,Others
13344,68,3,2511.69,3,3,4,Loyal Customers
13345,277,2,377.6,2,2,2,Lost
13346,463,6,299.4,1,4,2,At Risk
13347,70,1,341.36,3,1,2,Others
13348,64,1,233.76,3,1,1,Others
13349,11,1,247.32,5,1,1,New Promising
13350,16,3,910.72,5,3,3,Loyal Customers
13351,66,1,373.94,3,1,2,Others
13352,8,2,389.28,5,2,2,New Promising
13354,71,1,743.53,3,1,3,Others
13355,122,1,674.7,3,1,3,Others
13356,80,1,768.24,3,1,3,Others
13357,257,5,3805.51,2,3,5,At Risk
13358,269,1,439.03,2,1,2,Lost
13359,59,4,1001.96,3,3,3,Loyal Customers
13360,428,7,1464.1,1,4,4,At Risk
13361,472,2,1450.5,1,2,4,Cannot Lose Them
13362,3,10,5357.57,5,4,5,Champions
13363,18,3,1723.86,5,3,4,Loyal Customers
13365,9,4,2164.32,5,3,4,Loyal Customers
13366,50,1,56.16,4,1,1,New Promising
13367,432,1,510.2,1,1,2,Lost
13368,257,5,1086.1,2,3,3,At Risk
13369,354,2,263.75,2,2,1,Lost
13370,366,2,721.32,2,2,3,Cannot Lose Them
13371,499,4,2271.46,1,3,4,At Risk
13372,90,1,378.64,3,1,2,Others
13373,61,6,7587.19,3,4,5,Loyal Customers
13374,415,2,422.8,1,2,2,Lost
13375,81,3,1786.48,3,3,4,Loyal Customers
13376,99,3,1019.76,3,3,3,Loyal Customers
13377,397,4,1495.43,2,3,4,At Risk
13379,26,3,572.56,4,3,2,Others
13380,433,1,62.4,1,1,1,Lost
13381,21,15,8185.02,4,5,5,Champions
13382,281,5,1387.58,2,3,4,At Risk
13383,544,1,305.28,1,1,2,Lost
13384,31,15,6635.09,4,5,5,Champions
13385,330,1,534.57,2,1,2,Lost
13386,414,2,835.46,1,2,3,Cannot Lose Them
13387,417,1,186.94,1,1,1,Lost
13388,121,4,1135.7,3,3,3,Loyal Customers
13389,11,3,797.96,5,3,3,Loyal Customers
13390,75,1,544.08,3,1,2,Others
13391,204,1,59.8,2,1,1,Lost
13392,677,1,91.14,1,1,1,Lost
13393,584,6,1105.85,1,4,3,At Risk
13394,2,24,6323.88,5,5,5,Champions
13395,185,3,1180.23,2,3,3,At Risk
13396,22,4,1325.29,4,3,4,Loyal Customers
13397,73,13,3094.11,3,5,5,Loyal Customers
13398,192,2,670.34,2,2,3,Cannot Lose Them
13399,464,3,275.4,1,3,1,At Risk
13400,574,2,300.93,1,2,2,Lost
13402,127,4,1226.85,3,3,4,Loyal Customers
13403,18,3,229.5,5,3,1,Others
13404,1,2,252.49,5,2,1,New Promising
13405,74,9,1196.56,3,4,4,Loyal Customers
13406,427,3,557.22,1,3,2,At Risk
13407,579,6,2111.89,1,4,4,At Risk
13408,2,135,49315.02,5,5,5,Champions
13410,9,12,2172.51,5,5,4,Champions
13411,107,1,213.55,3,1,1,Others
13412,620,1,487.35,1,1,2,Lost
13413,640,8,345.8,1,4,2,At Risk
13414,134,7,2482.24,3,4,4,Loyal Customers
13415,473,5,665.42,1,3,3,At Risk
13416,44,3,940.8,4,3,3,Loyal Customers
13417,5,7,1593.89,5,4,4,Champions
13418,12,37,11242.22,5,5,5,Champions
13419,64,1,221.06,3,1,1,Others
13420,135,4,140.35,3,3,1,Others
13421,40,11,4044.45,4,5,5,Champions
13422,51,2,2601.55,4,2,4,New Promising
13423,429,1,217.03,1,1,1,Lost
13424,444,2,557.92,1,2,2,Lost
13425,108,8,3362.73,3,4,5,Loyal Customers
13426,1,24,8076.76,5,5,5,Champions
13427,19,6,1006.53,4,4,3,Loyal Customers
13428,10,3,478.54,5,3,2,Others
13429,11,4,1006.8,5,3,3,Loyal Customers
13430,19,4,648.69,4,3,3,Loyal Customers
13431,67,9,3289.24,3,4,5,Loyal Customers
13432,571,2,439.1,1,2,2,Lost
13433,437,5,656.87,1,3,3,At Risk
13434,74,5,1666.86,3,3,4,Loyal Customers
13435,5,11,4431.93,5,5,5,Champions
13436,2,1,196.89,5,1,1,New Promising
13437,14,7,3408.06,5,4,5,Champions
13438,547,1,46.5,1,1,1,Lost
13439,255,3,986.61,2,3,3,At Risk
13440,423,10,1213.95,1,4,4,At Risk
13441,92,2,720.9,3,2,3,Others
13442,667,3,419.87,1,3,2,At Risk
13443,449,7,1240.71,1,4,4,At Risk
13444,374,2,619.08,2,2,3,Cannot Lose Them
13445,626,1,241.9,1,1,1,Lost
13446,420,18,3608.86,1,5,5,At Risk
13447,23,4,1104.23,4,3,3,Loyal Customers
13448,17,19,7952.81,5,5,5,Champions
13449,24,1,291.88,4,1,2,New Promising
13450,27,14,4117.54,4,5,5,Champions
13451,26,13,7019.11,4,5,5,Champions
13452,259,3,729.8,2,3,3,At Risk
13453,166,5,758.99,3,3,3,Loyal Customers
13454,641,1,219.87,1,1,1,Lost
13455,25,11,2080.88,4,5,4,Champions
13456,18,7,1737.82,5,4,4,Champions
13457,689,4,143.27,1,3,1,At Risk
13458,7,24,11850.62,5,5,5,Champions
13459,625,2,1160.41,1,2,3,Cannot Lose Them
13460,29,2,183.44,4,2,1,New Promising
13461,39,8,4138.5,4,4,5,Champions
13462,183,6,1145.6,3,4,3,Loyal Customers
13464,58,7,3083.89,3,4,5,Loyal Customers
13465,446,2,931.12,1,2,3,Cannot Lose Them
13466,100,7,952.25,3,4,3,Loyal Customers
13467,11,2,1071.91,5,2,3,New Promising
13468,2,87,12494.38,5,5,5,Champions
13469,653,1,82.4,1,1,1,Lost
13470,99,2,165.0,3,2,1,Others
13471,1,4,2501.84,5,3,4,Loyal Customers
13472,464,2,592.24,1,2,2,Lost
13473,61,10,2410.98,3,4,4,Loyal Customers
13474,236,3,646.59,2,3,3,At Risk
13475,191,4,1431.78,2,3,4,At Risk
13476,179,7,1915.77,3,4,4,Loyal Customers
13477,38,13,2806.12,4,5,4,Champions
13478,469,7,2068.03,1,4,4,At Risk
13479,198,7,808.5,2,4,3,At Risk
13480,417,2,627.82,1,2,3,Cannot Lose Them
13481,46,14,3803.09,4,5,5,Champions
13482,232,2,336.09,2,2,2,Lost
13483,66,1,140.34,3,1,1,Others
13484,241,4,767.32,2,3,3,At Risk
13485,233,15,2957.92,2,5,5,At Risk
13486,78,3,1122.41,3,3,3,Loyal Customers
13487,58,5,846.87,3,3,3,Loyal Customers
13488,17,29,14131.81,5,5,5,Champions
13489,105,4,449.52,3,3,2,Others
13490,654,1,154.25,1,1,1,Lost
13491,52,27,4467.66,4,5,5,Champions
13492,136,3,1269.84,3,3,4,Loyal Customers
13493,275,2,618.63,2,2,3,Cannot Lose Them
13494,312,1,316.26,2,1,2,Lost
13495,8,13,4790.41,5,5,5,Champions
13496,11,3,617.93,5,3,3,Loyal Customers
13497,283,7,1139.83,2,4,3,At Risk
13498,730,1,327.38,1,1,2,Lost
13499,18,7,1146.96,5,4,3,Loyal Customers
13500,23,5,1436.3,4,3,4,Loyal Customers
13501,243,5,2840.26,2,3,4,At Risk
13502,17,6,774.6,5,4,3,Loyal Customers
13503,71,12,1747.39,3,5,4,Loyal Customers
13504,64,1,295.93,3,1,2,Others
13505,68,8,4282.88,3,4,5,Loyal Customers
13506,312,8,1308.53,2,4,4,At Risk
13507,3,4,2479.16,5,3,4,Loyal Customers
13508,244,2,287.05,2,2,2,Lost
13509,9,8,1114.72,5,4,3,Loyal Customers
13510,1,17,4488.39,5,5,5,Champions
13511,484,2,244.61,1,2,1,Lost
13512,261,4,713.39,2,3,3,At Risk
13513,127,4,796.99,3,3,3,Loyal Customers
13514,74,4,815.9,3,3,3,Loyal Customers
13515,73,6,1265.82,3,4,4,Loyal Customers
13516,21,4,1685.26,4,3,4,Loyal Customers
13517,60,5,2109.07,3,3,4,Loyal Customers
13518,86,1,627.16,3,1,3,Others
13519,50,3,331.26,4,3,2,Others
13520,59,15,6377.25,3,5,5,Loyal Customers
13521,1,3,1071.73,5,3,3,Loyal Customers
13522,30,1,125.8,4,1,1,New Promising
13523,33,7,4325.07,4,4,5,Champions
13524,41,5,680.18,4,3,3,Loyal Customers
13525,15,2,628.78,5,2,3,New Promising
13526,738,4,942.6,1,3,3,At Risk
13527,34,14,4507.59,4,5,5,Champions
13529,79,2,307.76,3,2,2,Others
13530,634,1,402.98,1,1,2,Lost
13531,205,6,1433.07,2,4,4,At Risk
13532,34,1,210.31,4,1,1,New Promising
13533,183,3,269.09,3,3,1,Others
13534,2,60,7324.5,5,5,5,Champions
13535,403,1,89.5,2,1,1,Lost
13536,1,7,3444.39,5,4,5,Champions
13537,426,2,717.85,1,2,3,Cannot Lose Them
13538,43,12,3103.13,4,5,5,Champions
13539,86,9,1531.26,3,4,4,Loyal Customers
13540,467,3,632.39,1,3,3,At Risk
13541,423,3,717.9,1,3,3,At Risk
13542,377,18,3924.09,2,5,5,At Risk
13543,634,2,1439.61,1,2,4,Cannot Lose Them
13544,40,7,781.7,4,4,3,Loyal Customers
13545,391,3,337.64,2,3,2,At Risk
13546,12,5,1086.24,5,3,3,Loyal Customers
13547,408,1,167.08,1,1,1,Lost
13548,96,3,901.44,3,3,3,Loyal Customers
13549,26,9,1003.72,4,4,3,Loyal Customers
13550,383,1,342.55,2,1,2,Lost
13551,319,2,244.2,2,2,1,Lost
13552,66,32,6588.63,3,5,5,Loyal Customers
13553,675,1,499.6,1,1,2,Lost
13554,380,10,1547.46,2,4,4,At Risk
13555,74,16,8798.99,3,5,5,Loyal Customers
13556,429,2,200.82,1,2,1,Lost
13557,28,16,2980.08,4,5,5,Champions
13558,6,4,594.52,5,3,2,Others
13559,513,2,990.0,1,2,3,Cannot Lose Them
13560,7,1,171.42,5,1,1,New Promising
13561,216,11,1803.4,2,5,4,At Risk
13562,82,8,4838.18,3,4,5,Loyal Customers
13563,84,2,777.53,3,2,3,Others
13564,144,54,15036.14,3,5,5,Loyal Customers
13565,19,3,414.8,4,3,2,Others
13566,41,5,1688.6,4,3,4,Loyal Customers
13567,428,5,1074.19,1,3,3,At Risk
13568,173,1,187.05,3,1,1,Others
13569,17,4,726.54,5,3,3,Loyal Customers
13570,243,1,239.49,2,1,1,Lost
13571,13,26,4537.26,5,5,5,Champions
13572,206,1,1384.25,2,1,4,Cannot Lose Them
13573,50,6,904.52,4,4,3,Loyal Customers
13574,411,1,404.45,1,1,2,Lost
13575,23,5,732.07,4,3,3,Loyal Customers
13576,10,32,11167.0,5,5,5,Champions
13577,25,14,3346.62,4,5,5,Champions
13578,409,1,147.66,1,1,1,Lost
13579,15,6,1371.14,5,4,4,Champions
13580,406,1,107.75,2,1,1,Lost
13581,309,2,280.53,2,2,2,Lost
13582,390,2,241.68,2,2,1,Lost
13583,156,2,1445.03,3,2,4,Others
13584,307,5,340.4,2,3,2,At Risk
13585,531,4,674.46,1,3,3,At Risk
13586,541,1,127.28,1,1,1,Lost
13587,32,6,1308.1,4,4,4,Champions
13588,16,13,2445.12,5,5,4,Champions
13589,15,6,1120.74,5,4,3,Loyal Customers
13590,11,21,6284.74,5,5,5,Champions
13591,65,8,2081.19,3,4,4,Loyal Customers
13592,36,4,247.96,4,3,1,Others
13593,108,16,5444.81,3,5,5,Loyal Customers
13594,53,3,508.42,4,3,2,Others
13595,517,3,784.48,1,3,3,At Risk
13596,6,2,664.11,5,2,3,New Promising
13597,388,3,372.21,2,3,2,At Risk
13598,47,6,749.21,4,4,3,Loyal Customers
13599,1,52,9433.75,5,5,5,Champions
13600,312,2,518.42,2,2,2,Lost
13601,45,4,1159.99,4,3,3,Loyal Customers
13602,65,4,1025.17,3,3,3,Loyal Customers
13603,26,1,164.34,4,1,1,New Promising
13604,652,2,713.39,1,2,3,Cannot Lose Them
13605,387,2,522.67,2,2,2,Lost
13606,29,3,276.75,4,3,2,Others
13607,40,3,1058.11,4,3,3,Loyal Customers
13608,541,1,232.05,1,1,1,Lost
13609,593,1,167.35,1,1,1,Lost
13610,12,17,2071.96,5,5,4,Champions
13611,89,14,3259.43,3,5,5,Loyal Customers
13612,518,2,777.79,1,2,3,Cannot Lose Them
13613,453,5,1039.85,1,3,3,At Risk
13614,24,6,2332.74,4,4,4,Champions
13615,313,12,6212.23,2,5,5,At Risk
13616,568,2,283.85,1,2,2,Lost
13617,40,9,1263.8,4,4,4,Champions
13618,174,1,177.34,3,1,1,Others
13619,545,2,224.94,1,2,1,Lost
13620,528,1,112.34,1,1,1,Lost
13621,117,1,213.85,3,1,1,Others
13622,689,2,651.45,1,2,3,Cannot Lose Them
13623,31,15,2412.93,4,5,4,Champions
13624,381,2,427.18,2,2,2,Lost
13625,597,1,301.26,1,1,2,Lost
13626,253,3,689.49,2,3,3,At Risk
13627,59,10,2217.55,3,4,4,Loyal Customers
13628,676,1,310.14,1,1,2,Lost
13629,23,19,13370.86,4,5,5,Champions
13630,5,11,1995.68,5,5,4,Champions
13631,100,12,3021.77,3,5,5,Loyal Customers
13632,25,10,3632.36,4,4,5,Champions
13634,33,17,4479.85,4,5,5,Champions
13635,68,6,2948.22,3,4,5,Loyal Customers
13636,37,6,941.62,4,4,3,Loyal Customers
13637,52,3,804.3,4,3,3,Loyal Customers
13638,16,1,122.64,5,1,1,New Promising
13639,74,2,1346.27,3,2,4,Others
13640,611,1,405.0,1,1,2,Lost
13641,641,7,921.82,1,4,3,At Risk
13642,216,5,459.45,2,3,2,At Risk
13643,31,15,2112.17,4,5,4,Champions
13644,9,5,2597.52,5,3,4,Loyal Customers
13645,120,1,252.1,3,1,1,Others
13646,400,3,323.3,2,3,2,At Risk
13647,10,9,3033.78,5,4,5,Champions
13648,400,11,1679.01,2,5,4,At Risk
13649,257,6,1453.68,2,4,4,At Risk
13650,17,16,3098.5,5,5,5,Champions
13651,35,4,208.95,4,3,1,Others
13652,46,5,2262.05,4,3,4,Loyal Customers
13653,488,1,152.2,1,1,1,Lost
13654,43,11,6308.0,4,5,5,Champions
13655,114,8,2259.3,3,4,4,Loyal Customers
13656,165,7,1053.35,3,4,3,Loyal Customers
13657,11,2,382.14,5,2,2,New Promising
13658,10,13,5772.07,5,5,5,Champions
13659,197,17,4706.43,2,5,5,At Risk
13660,396,2,295.74,2,2,2,Lost
13661,603,1,325.24,1,1,2,Lost
13662,86,17,2166.63,3,5,4,Loyal Customers
13663,179,6,2013.61,3,4,4,Loyal Customers
13665,386,3,1711.66,2,3,4,At Risk
13666,60,5,127.9,3,3,1,Others
13667,149,1,299.05,3,1,2,Others
13668,3,47,12607.68,5,5,5,Champions
13669,51,3,413.55,4,3,2,Others
13670,75,1,349.7,3,1,2,Others
13671,395,1,172.6,2,1,1,Lost
13672,301,7,162.07,2,4,1,At Risk
13673,19,2,387.44,4,2,2,New Promising
13674,430,2,215.88,1,2,1,Lost
13675,151,2,486.82,3,2,2,Others
13676,539,3,153.15,1,3,1,At Risk
13677,405,2,551.24,2,2,2,Lost
13678,152,1,232.6,3,1,1,Others
13679,494,3,281.26,1,3,2,At Risk
13680,1,13,9899.56,5,5,5,Champions
13681,18,4,827.83,5,3,3,Loyal Customers
13682,187,1,59.5,2,1,1,Lost
13683,458,1,258.6,1,1,1,Lost
13684,286,6,544.42,2,4,2,At Risk
13685,3,7,3119.44,5,4,5,Champions
13686,183,3,409.04,3,3,2,Others
13687,438,1,11880.84,1,1,5,Cannot Lose Them
13688,635,1,375.5,1,1,2,Lost
13689,63,2,1259.5,3,2,4,Others
13690,59,1,172.25,3,1,1,Others
13691,396,1,212.78,2,1,1,Lost
13692,25,8,3016.45,4,4,5,Champions
13693,325,13,1948.32,2,5,4,At Risk
13694,4,164,190020.84,5,5,5,Champions
13695,31,16,2770.73,4,5,4,Champions
13696,422,4,2008.7,1,3,4,At Risk
13697,39,1,151.3,4,1,1,New Promising
13698,597,2,451.73,1,2,2,Lost
13699,155,3,711.4,3,3,3,Loyal Customers
13700,26,14,2569.72,4,5,4,Champions
13701,437,2,159.55,1,2,1,Lost
13702,446,1,135.18,1,1,1,Lost
13703,318,3,99.5,2,3,1,At Risk
13704,5,10,2295.31,5,4,4,Champions
13705,8,7,1717.19,5,4,4,Champions
13706,303,2,631.17,2,2,3,Cannot Lose Them
13707,267,5,3365.86,2,3,5,At Risk
13708,271,1,285.33,2,1,2,Lost
13709,4,22,7492.41,5,5,5,Champions
13710,32,3,509.52,4,3,2,Others
13711,219,15,1632.61,2,5,4,At Risk
13712,247,2,766.42,2,2,3,Cannot Lose Them
13713,408,3,740.76,1,3,3,At Risk
13714,465,1,161.35,1,1,1,Lost
13715,281,21,8108.09,2,5,5,At Risk
13716,269,1,138.28,2,1,1,Lost
13717,32,11,1748.05,4,5,4,Champions
13718,246,2,306.55,2,2,2,Lost
13719,15,11,2783.08,5,5,4,Champions
13720,117,4,799.9,3,3,3,Loyal Customers
13721,36,2,741.54,4,2,3,New Promising
13722,120,11,5629.16,3,5,5,Loyal Customers
13723,217,6,1194.08,2,4,4,At Risk
13724,637,1,213.01,1,1,1,Lost
13725,50,11,1809.81,4,5,4,Champions
13726,39,2,1079.66,4,2,3,New Promising
13727,29,9,1061.4,4,4,3,Loyal Customers
13728,37,16,2855.17,4,5,5,Champions
13729,436,5,676.43,1,3,3,At Risk
13730,136,2,752.6,3,2,3,Others
13731,219,2,610.59,2,2,3,Cannot Lose Them
13732,28,1,491.86,4,1,2,New Promising
13733,411,3,484.53,1,3,2,At Risk
13734,509,6,3445.34,1,4,5,At Risk
13735,25,22,9422.36,4,5,5,Champions
13736,5,12,2701.27,5,5,4,Champions
13737,200,1,339.6,2,1,2,Lost
13738,396,1,434.78,2,1,2,Lost
13739,18,2,292.2,5,2,2,New Promising
13740,241,5,1582.77,2,3,4,At Risk
13741,72,4,666.33,3,3,3,Loyal Customers
13742,17,14,3079.27,5,5,5,Champions
13743,3,8,1340.15,5,4,4,Champions
13744,95,2,1080.52,3,2,3,Others
13745,151,4,761.27,3,3,3,Loyal Customers
13746,414,1,176.69,1,1,1,Lost
13747,374,2,169.8,2,2,1,Lost
13748,96,9,2064.35,3,4,4,Loyal Customers
13750,54,13,3563.6,4,5,5,Champions
13751,288,1,296.25,2,1,2,Lost
13752,124,7,1579.83,3,4,4,Loyal Customers
13753,288,4,2094.57,2,3,4,At Risk
13754,152,3,447.05,3,3,2,Others
13755,4,10,2101.39,5,4,4,Champions
13756,2,25,8595.65,5,5,5,Champions
13757,675,1,195.55,1,1,1,Lost
13758,12,19,8544.29,5,5,5,Champions
13759,33,2,659.41,4,2,3,New Promising
13760,54,6,1358.64,4,4,4,Champions
13761,50,6,1952.17,4,4,4,Champions
13762,204,6,2165.76,2,4,4,At Risk
13763,63,6,5181.99,3,4,5,Loyal Customers
13764,71,6,2919.62,3,4,5,Loyal Customers
13765,653,1,352.82,1,1,2,Lost
13766,495,1,190.35,1,1,1,Lost
13767,2,96,33480.82,5,5,5,Champions
13768,564,8,758.07,1,4,3,At Risk
13769,2,29,5444.33,5,5,5,Champions
13770,422,4,785.37,1,3,3,At Risk
13771,64,10,5726.07,3,4,5,Loyal Customers
13772,34,9,3080.52,4,4,5,Champions
13773,397,2,301.54,2,2,2,Lost
13774,82,1,345.0,3,1,2,Others
13775,591,1,1049.66,1,1,3,Cannot Lose Them
13777,1,73,49218.41,5,5,5,Champions
13778,103,5,1116.54,3,3,3,Loyal Customers
13779,516,1,161.13,1,1,1,Lost
13780,7,3,732.07,5,3,3,Loyal Customers
13781,251,4,770.88,2,3,3,At Risk
13782,13,14,1778.13,5,5,4,Champions
13783,488,4,1542.09,1,3,4,At Risk
13784,10,15,2897.18,5,5,5,Champions
13785,429,4,542.49,1,3,2,At Risk
13786,367,8,2505.46,2,4,4,At Risk
13787,76,9,1173.7,3,4,3,Loyal Customers
13788,505,1,3.75,1,1,1,Lost
13789,388,1,239.46,2,1,1,Lost
13790,4,1,348.8,5,1,2,New Promising
13791,43,3,1047.68,4,3,3,Loyal Customers
13792,66,3,383.95,3,3,2,Others
13793,647,1,96.0,1,1,1,Lost
13794,547,1,126.03,1,1,1,Lost
13795,388,4,836.3,2,3,3,At Risk
13796,499,1,289.7,1,1,2,Lost
13797,437,4,1168.45,1,3,3,At Risk
13798,1,125,73166.92,5,5,5,Champions
13799,117,13,2039.82,3,5,4,Loyal Customers
13800,310,3,1679.56,2,3,4,At Risk
13801,67,1,324.8,3,1,2,Others
13802,138,24,25491.56,3,5,5,Loyal Customers
13803,255,4,1319.11,2,3,4,At Risk
13804,31,9,3161.12,4,4,5,Champions
13805,52,2,924.6,4,2,3,New Promising
13806,64,1,256.38,3,1,1,Others
13807,367,4,397.3,2,3,2,At Risk
13808,6,5,1747.66,5,3,4,Loyal Customers
13809,305,3,679.7,2,3,3,At Risk
13810,29,4,899.51,4,3,3,Loyal Customers
13811,184,4,591.75,2,3,2,At Risk
13812,42,3,539.0,4,3,2,Others
13813,40,12,2686.42,4,5,4,Champions
13814,56,5,2239.07,4,3,4,Loyal Customers
13815,22,10,7285.79,4,4,5,Champions
13816,24,4,555.04,4,3,2,Others
13817,29,2,382.98,4,2,2,New Promising
13818,430,1,61.28,1,1,1,Lost
13819,302,7,2631.1,2,4,4,At Risk
13820,418,5,632.5,1,3,3,At Risk
13821,145,7,1355.38,3,4,4,Loyal Customers
13822,6,2,632.0,5,2,3,New Promising
13823,19,8,3358.55,4,4,5,Champions
13824,33,14,3273.36,4,5,5,Champions
13825,622,2,255.59,1,2,1,Lost
13826,158,2,174.65,3,2,1,Others
13827,58,3,409.8,3,3,2,Others
13828,22,1,209.49,4,1,1,New Promising
13830,574,2,135.95,1,2,1,Lost
13831,16,20,6571.14,5,5,5,Champions
13832,18,3,598.64,5,3,3,Loyal Customers
13833,159,2,700.41,3,2,3,Others
13834,577,3,247.89,1,3,1,At Risk
13835,25,8,1044.82,4,4,3,Loyal Customers
13836,399,3,602.52,2,3,3,At Risk
13837,212,2,266.59,2,2,1,Lost
13838,6,10,1690.07,5,4,4,Champions
13839,486,1,139.95,1,1,1,Lost
13840,416,1,651.4,1,1,3,Cannot Lose Them
13841,253,1,85.0,2,1,1,Lost
13842,59,19,5294.39,3,5,5,Loyal Customers
13843,381,1,319.75,2,1,2,Lost
13844,11,1,361.62,5,1,2,New Promising
13845,65,1,312.98,3,1,2,Others
13846,25,5,1290.34,4,3,4,Loyal Customers
13847,720,1,310.72,1,1,2,Lost
13848,92,8,3015.0,3,4,5,Loyal Customers
13849,52,6,3443.8,4,4,5,Champions
13850,88,2,1586.81,3,2,4,Others
13851,96,9,4516.76,3,4,5,Loyal Customers
13852,607,2,170.45,1,2,1,Lost
13853,9,2,1056.94,5,2,3,New Promising
13854,9,45,11848.81,5,5,5,Champions
13855,501,5,1253.94,1,3,4,At Risk
13856,169,15,1058.88,3,5,3,Loyal Customers
13857,393,7,997.11,2,4,3,At Risk
13858,57,1,216.17,4,1,1,New Promising
13859,326,2,515.86,2,2,2,Lost
13860,1,6,1240.0,5,4,4,Champions
13861,429,3,251.31,1,3,1,At Risk
13862,18,11,2534.04,5,5,4,Champions
13863,245,6,1217.63,2,4,4,At Risk
13864,387,1,662.4,2,1,3,Cannot Lose Them
13865,58,4,501.56,3,3,2,Others
13866,74,1,145.67,3,1,1,Others
13867,31,3,1005.09,4,3,3,Loyal Customers
13868,7,2,3192.54,5,2,5,New Promising
13869,123,10,7996.87,3,4,5,Loyal Customers
13870,2,18,5689.84,5,5,5,Champions
13871,23,21,7804.95,4,5,5,Champions
13872,513,6,891.32,1,4,3,At Risk
13873,120,9,1031.02,3,4,3,Loyal Customers
13874,358,10,1989.2,2,4,4,At Risk
13875,54,14,4814.37,4,5,5,Champions
13876,64,1,122.7,3,1,1,Others
13877,86,5,446.33,3,3,2,Others
13878,55,4,2416.9,4,3,4,Loyal Customers
13879,646,1,395.5,1,1,2,Lost
13880,21,17,4293.86,4,5,5,Champions
13881,4,51,44392.5,5,5,5,Champions
13882,3,6,1131.28,5,4,3,Loyal Customers
13883,1,26,6342.74,5,5,5,Champions
13884,7,14,1788.93,5,5,4,Champions
13885,189,2,506.8,2,2,2,Lost
13886,71,1,243.56,3,1,1,Others
13887,204,1,349.55,2,1,2,Lost
13888,120,7,2001.59,3,4,4,Loyal Customers
13889,93,8,1855.73,3,4,4,Loyal Customers
13890,1,22,2858.73,5,5,5,Champions
13891,378,3,859.21,2,3,3,At Risk
13892,27,6,1267.65,4,4,4,Champions
13893,298,1,821.1,2,1,3,Cannot Lose Them
13894,22,5,535.97,4,3,2,Others
13895,21,8,3923.62,4,4,5,Champions
13896,626,1,388.55,1,1,2,Lost
13897,50,3,1160.72,4,3,3,Loyal Customers
13898,326,2,686.4,2,2,3,Cannot Lose Them
13899,16,2,388.52,5,2,2,New Promising
13900,183,7,1608.09,3,4,4,Loyal Customers
13901,72,20,5599.34,3,5,5,Loyal Customers
13902,632,8,30411.26,1,4,5,At Risk
13903,400,1,165.45,2,1,1,Lost
13904,37,2,332.64,4,2,2,New Promising
13905,571,3,244.45,1,3,1,At Risk
13906,409,1,42.0,1,1,1,Lost
13907,692,1,136.8,1,1,1,Lost
13908,80,5,2347.05,3,3,4,Loyal Customers
13909,423,2,282.85,1,2,2,Lost
13911,57,22,4200.04,4,5,5,Champions
13912,424,1,124.95,1,1,1,Lost
13913,507,1,42.22,1,1,1,Lost
13914,4,3,613.95,5,3,3,Loyal Customers
13915,394,2,31.2,2,2,1,Lost
13916,464,5,1260.51,1,3,4,At Risk
13917,50,2,272.04,4,2,1,New Promising
13918,50,2,1212.84,4,2,4,New Promising
13919,53,5,1326.03,4,3,4,Loyal Customers
13920,432,5,1734.88,1,3,4,At Risk
13921,399,5,720.75,2,3,3,At Risk
13922,352,5,824.7,2,3,3,At Risk
13923,54,1,351.13,4,1,2,New Promising
13924,2,11,1682.08,5,5,4,Champions
13925,36,6,616.65,4,4,3,Loyal Customers
13926,23,1,223.85,4,1,1,New Promising
13927,75,3,689.96,3,3,3,Loyal Customers
13928,11,4,464.57,5,3,2,Others
13929,169,14,3318.1,3,5,5,Loyal Customers
13930,58,2,337.34,3,2,2,Others
13931,86,12,5250.78,3,5,5,Loyal Customers
13932,295,1,307.4,2,1,2,Lost
13933,109,2,608.79,3,2,3,Others
13934,264,1,922.1,2,1,3,Cannot Lose Them
13935,597,3,6116.92,1,3,5,At Risk
13936,171,4,924.36,3,3,3,Loyal Customers
13937,169,3,867.38,3,3,3,Loyal Customers
13938,35,1,71.66,4,1,1,New Promising
13939,23,10,1533.66,4,4,4,Champions
13940,17,4,839.14,5,3,3,Loyal Customers
13941,22,17,9826.63,4,5,5,Champions
13942,535,1,320.0,1,1,2,Lost
13943,578,1,246.54,1,1,1,Lost
13944,653,1,200.43,1,1,1,Lost
13945,395,2,854.15,2,2,3,Cannot Lose Them
13946,79,7,1745.43,3,4,4,Loyal Customers
13947,65,1,90.6,3,1,1,Others
13948,361,5,536.86,2,3,2,At Risk
13949,3,6,2427.32,5,4,4,Champions
13950,11,5,728.56,5,3,3,Loyal Customers
13951,176,3,674.45,3,3,3,Loyal Customers
13952,211,17,12790.89,2,5,5,At Risk
13953,7,12,6640.68,5,5,5,Champions
13954,2,3,378.59,5,3,2,Others
13955,154,3,544.07,3,3,2,Others
13956,5,5,1019.27,5,3,3,Loyal Customers
13957,418,3,458.25,1,3,2,At Risk
13958,372,12,4504.78,2,5,5,At Risk
13959,79,6,1064.77,3,4,3,Loyal Customers
13960,21,2,230.22,4,2,1,New Promising
13961,385,2,498.7,2,2,2,Lost
13962,22,3,362.8,4,3,2,Others
13963,308,18,2748.32,2,5,4,At Risk
13964,387,3,421.9,2,3,2,At Risk
13965,455,5,777.66,1,3,3,At Risk
13966,435,1,384.26,1,1,2,Lost
13967,146,2,166.3,3,2,1,Others
13968,423,1,123.66,1,1,1,Lost
13969,7,39,12820.36,5,5,5,Champions
13970,386,2,846.55,2,2,3,Cannot Lose Them
13971,9,18,4593.83,5,5,5,Champions
13972,71,2,190.25,3,2,1,Others
13973,287,1,264.7,2,1,1,Lost
13974,49,4,663.52,4,3,3,Loyal Customers
13975,31,14,5224.85,4,5,5,Champions
13976,207,4,1192.36,2,3,4,At Risk
13977,411,1,519.81,1,1,2,Lost
13978,15,2,196.79,5,2,1,New Promising
13979,73,11,3290.53,3,5,5,Loyal Customers
13980,60,9,722.02,3,4,3,Loyal Customers
13981,401,2,327.39,2,2,2,Lost
13982,39,13,3927.49,4,5,5,Champions
13983,30,30,6638.85,4,5,5,Champions
13984,27,13,1461.32,4,5,4,Champions
13985,4,24,9982.31,5,5,5,Champions
13986,17,1,320.46,5,1,2,New Promising
13987,380,2,682.54,2,2,3,Cannot Lose Them
13988,20,11,4708.64,4,5,5,Champions
13989,66,5,2026.06,3,3,4,Loyal Customers
13990,213,1,311.3,2,1,2,Lost
13991,12,7,847.54,5,4,3,Loyal Customers
13992,30,3,219.5,4,3,1,Others
13993,32,24,6690.36,4,5,5,Champions
13994,4,6,2274.14,5,4,4,Champions
13995,15,18,3836.26,5,5,5,Champions
13996,386,2,895.76,2,2,3,Cannot Lose Them
13997,519,3,376.46,1,3,2,At Risk
13998,447,3,566.7,1,3,2,At Risk
13999,10,36,9438.01,5,5,5,Champions
14000,206,8,1877.59,2,4,4,At Risk
14001,46,10,4216.1,4,4,5,Champions
14002,134,2,529.73,3,2,2,Others
14003,733,1,209.41,1,1,1,Lost
14004,43,11,6258.45,4,5,5,Champions
14005,10,5,2874.72,5,3,5,Loyal Customers
14006,116,7,2196.67,3,4,4,Loyal Customers
14007,513,1,79.48,1,1,1,Lost
14008,375,2,493.74,2,2,2,Lost
14009,198,4,1090.23,2,3,3,At Risk
14010,565,3,288.1,1,3,2,At Risk
14011,480,3,451.92,1,3,2,At Risk
14012,278,1,328.8,2,1,2,Lost
14013,110,6,1006.22,3,4,3,Loyal Customers
14014,77,3,1948.21,3,3,4,Loyal Customers
14015,53,1,917.34,4,1,3,New Promising
14016,154,13,11379.71,3,5,5,Loyal Customers
14017,571,1,229.75,1,1,1,Lost
14018,645,1,367.15,1,1,2,Lost
14019,47,4,1398.96,4,3,4,Loyal Customers
14020,17,5,1213.26,5,3,4,Loyal Customers
14021,155,7,1716.58,3,4,4,Loyal Customers
14022,225,2,792.15,2,2,3,Cannot Lose Them
14023,7,2,584.07,5,2,2,New Promising
14024,122,3,645.74,3,3,3,Loyal Customers
14025,465,10,3969.1,1,4,5,At Risk
14026,471,2,713.11,1,2,3,Cannot Lose Them
14027,61,1,104.82,3,1,1,Others
14028,499,5,3175.5,1,3,5,At Risk
14029,63,2,467.66,3,2,2,Others
14030,18,22,7405.1,5,5,5,Champions
14031,7,55,36048.26,5,5,5,Champions
14032,2,25,4482.21,5,5,5,Champions
14033,555,1,109.44,1,1,1,Lost
14034,22,4,509.09,4,3,2,Others
14035,29,11,2790.5,4,5,4,Champions
14036,285,1,626.65,2,1,3,Cannot Lose Them
14037,176,7,755.95,3,4,3,Loyal Customers
14038,78,8,3000.93,3,4,5,Loyal Customers
14039,33,2,267.28,4,2,1,New Promising
14040,41,42,12336.08,4,5,5,Champions
14041,266,1,141.41,2,1,1,Lost
14042,725,1,431.98,1,1,2,Lost
14043,491,3,299.65,1,3,2,At Risk
14044,27,11,3060.75,4,5,5,Champions
14045,109,19,9334.23,3,5,5,Loyal Customers
14046,284,1,154.99,2,1,1,Lost
14047,9,19,3881.11,5,5,5,Champions
14048,277,4,713.89,2,3,3,At Risk
14049,17,18,12848.4,5,5,5,Champions
14050,32,2,746.36,4,2,3,New Promising
14051,1,42,21441.48,5,5,5,Champions
14052,20,2,466.66,4,2,2,New Promising
14053,124,4,572.3,3,3,2,Others
14054,65,1,92.46,3,1,1,Others
14055,106,3,1520.96,3,3,4,Loyal Customers
14056,1,29,8062.46,5,5,5,Champions
14057,24,23,8276.1,4,5,5,Champions
14058,463,2,469.19,1,2,2,Lost
14059,267,1,183.6,2,1,1,Lost
14060,5,32,8882.3,5,5,5,Champions
14061,507,3,917.43,1,3,3,At Risk
14062,10,27,25416.28,5,5,5,Champions
14064,29,21,2967.57,4,5,5,Champions
14065,389,4,889.37,2,3,3,At Risk
14066,267,1,152.55,2,1,1,Lost
14067,64,2,374.7,3,2,2,Others
14068,320,5,1493.32,2,3,4,At Risk
14069,515,2,225.81,1,2,1,Lost
14070,685,1,321.6,1,1,2,Lost
14071,4,9,1306.16,5,4,4,Champions
14072,667,1,390.85,1,1,2,Lost
14073,21,2,139.54,4,2,1,New Promising
14074,623,1,219.4,1,1,1,Lost
14075,5,6,1734.87,5,4,4,Champions
14076,129,1,118.67,3,1,1,Others
14077,41,6,615.08,4,4,3,Loyal Customers
14078,102,9,1553.47,3,4,4,Loyal Customers
14079,125,2,618.73,3,2,3,Others
14080,33,6,1075.73,4,4,3,Loyal Customers
14081,267,16,4747.52,2,5,5,At Risk
14082,365,2,413.36,2,2,2,Lost
14083,4,11,1082.19,5,5,3,Loyal Customers
14084,512,1,150.5,1,1,1,Lost
14085,2,34,9707.92,5,5,5,Champions
14086,463,1,39.95,1,1,1,Lost
14087,3,5,786.72,5,3,3,Loyal Customers
14088,10,20,62400.02,5,5,5,Champions
14089,57,1,158.75,4,1,1,New Promising
14090,325,1,76.32,2,1,1,Lost
14091,654,2,9530.08,1,2,5,Cannot Lose Them
14092,8,27,7215.64,5,5,5,Champions
14093,12,1,433.86,5,1,2,New Promising
14094,440,2,310.82,1,2,2,Lost
14095,723,1,2.95,1,1,1,Lost
14096,4,34,57120.91,5,5,5,Champions
14097,481,2,422.86,1,2,2,Lost
14098,37,1,147.35,4,1,1,New Promising
14099,16,22,5685.71,5,5,5,Champions
14100,138,1,191.95,3,1,1,Others
14101,74,14,9942.13,3,5,5,Loyal Customers
14102,5,8,1060.33,5,4,3,Loyal Customers
14104,155,5,743.53,3,3,3,Loyal Customers
14105,85,9,5703.98,3,4,5,Loyal Customers
14106,737,1,214.8,1,1,1,Lost
14107,52,13,4853.7,4,5,5,Champions
14108,31,5,1041.21,4,3,3,Loyal Customers
14109,23,2,80.2,4,2,1,New Promising
14110,4,35,12957.6,5,5,5,Champions
14111,14,5,688.6,5,3,3,Loyal Customers
14112,23,27,5524.51,4,5,5,Champions
14113,4,31,6156.75,5,5,5,Champions
14114,274,7,1364.09,2,4,4,At Risk
14115,502,2,622.67,1,2,3,Cannot Lose Them
14116,20,5,1382.74,4,3,4,Loyal Customers
14117,144,1,90.0,3,1,1,Others
14118,429,1,458.45,1,1,2,Lost
14119,354,3,163.47,2,3,1,At Risk
14121,4,6,2740.3,5,4,4,Champions
14122,395,5,309.77,2,3,2,At Risk
14123,733,1,436.18,1,1,2,Lost
14124,84,1,419.58,3,1,2,Others
14125,11,3,2720.63,5,3,4,Loyal Customers
14126,8,5,1109.96,5,3,3,Loyal Customers
14127,123,6,1900.08,3,4,4,Loyal Customers
14128,61,4,909.36,3,3,3,Loyal Customers
14129,2,9,2591.34,5,4,4,Champions
14130,319,4,1858.77,2,3,4,At Risk
14131,649,1,168.22,1,1,1,Lost
14132,2,12,3580.13,5,5,5,Champions
14133,130,6,895.84,3,4,3,Loyal Customers
14134,383,15,11123.35,2,5,5,At Risk
14135,2,25,8800.8,5,5,5,Champions
14136,401,7,1553.96,2,4,4,At Risk
14137,682,2,294.1,1,2,2,Lost
14138,2,2,965.88,5,2,3,New Promising
14139,46,4,1086.8,4,3,3,Loyal Customers
14140,4,3,920.05,5,3,3,Loyal Customers
14141,3,6,879.03,5,4,3,Loyal Customers
14142,373,4,655.94,2,3,3,At Risk
14143,134,1,115.8,3,1,1,Others
14144,486,1,30.6,1,1,1,Lost
14145,47,8,7006.05,4,4,5,Champions
14146,9,13,8208.87,5,5,5,Champions
14147,49,12,2019.3,4,5,4,Champions
14148,234,2,466.29,2,2,2,Lost
14149,213,3,259.43,2,3,1,At Risk
14150,36,2,658.64,4,2,3,New Promising
14151,673,3,666.7,1,3,3,At Risk
14152,75,9,1975.44,3,4,4,Loyal Customers
14153,483,1,233.4,1,1,1,Lost
14154,239,10,6263.6,2,4,5,At Risk
14155,266,1,118.75,2,1,1,Lost
14156,10,202,296063.44,5,5,5,Champions
14157,20,6,946.24,4,4,3,Loyal Customers
14158,40,1,507.66,4,1,2,New Promising
14159,20,25,7494.67,4,5,5,Champions
14160,610,7,8421.47,1,4,5,At Risk
14161,216,7,2996.93,2,4,5,At Risk
14162,174,2,289.36,3,2,2,Others
14163,87,5,2594.62,3,3,4,Loyal Customers
14164,71,2,1631.77,3,2,4,Others
14165,276,1,120.44,2,1,1,Lost
14166,505,2,251.15,1,2,1,Lost
14167,39,8,1274.29,4,4,4,Champions
14168,421,3,305.9,1,3,2,At Risk
14169,431,2,621.51,1,2,3,Cannot Lose Them
14170,375,3,570.18,2,3,2,At Risk
14171,98,2,498.79,3,2,2,Others
14172,605,4,356.27,1,3,2,At Risk
14173,11,7,566.95,5,4,2,Others
14174,33,1,134.46,4,1,1,New Promising
14175,51,17,7350.44,4,5,5,Champions
14176,297,6,753.56,2,4,3,At Risk
14177,85,14,2204.74,3,5,4,Loyal Customers
14178,9,7,1600.26,5,4,4,Champions
14179,41,2,701.57,4,2,3,New Promising
14180,11,42,5909.0,5,5,5,Champions
14181,411,2,308.35,1,2,2,Lost
14182,444,5,660.07,1,3,3,At Risk
14183,411,2,278.34,1,2,2,Lost
14184,67,1,452.89,3,1,2,Others
14185,331,1,197.65,2,1,1,Lost
14186,427,5,1550.63,1,3,4,At Risk
14187,474,1,123.5,1,1,1,Lost
14188,9,10,2018.91,5,4,4,Champions
14189,2,25,5453.38,5,5,5,Champions
14190,666,1,79.9,1,1,1,Lost
14191,2,17,4713.41,5,5,5,Champions
14192,388,1,293.74,2,1,2,Lost
14193,68,3,1210.19,3,3,4,Loyal Customers
14194,5,54,18442.87,5,5,5,Champions
14195,202,10,2381.24,2,4,4,At Risk
14196,107,1,335.52,3,1,2,Others
14197,411,1,390.05,1,1,2,Lost
14198,4,13,1527.58,5,5,4,Champions
14199,218,6,916.5,2,4,3,At Risk
14200,617,1,379.2,1,1,2,Lost
14201,60,12,1134.14,3,5,3,Loyal Customers
14202,381,3,847.76,2,3,3,At Risk
14203,397,1,339.34,2,1,2,Lost
14204,2,4,1024.83,5,3,3,Loyal Customers
14205,11,12,2146.58,5,5,4,Champions
14206,239,5,1145.21,2,3,3,At Risk
14207,688,1,157.8,1,1,1,Lost
14208,95,2,567.05,3,2,2,Others
14209,11,19,4937.37,5,5,5,Champions
14210,91,21,5509.37,3,5,5,Loyal Customers
14211,53,26,4301.69,4,5,5,Champions
14212,90,2,2190.14,3,2,4,Others
14214,31,7,1000.23,4,4,3,Loyal Customers
14215,12,10,3238.53,5,4,5,Champions
14216,3,6,2142.39,5,4,4,Champions
14217,2,33,3105.52,5,5,5,Champions
14218,43,1,169.48,4,1,1,New Promising
14219,4,3,633.83,5,3,3,Loyal Customers
14220,247,4,1515.0,2,3,4,At Risk
14221,42,19,6506.59,4,5,5,Champions
14222,177,1,683.17,3,1,3,Others
14223,92,4,975.23,3,3,3,Loyal Customers
14224,110,9,1841.71,3,4,4,Loyal Customers
14225,435,5,2009.17,1,3,4,At Risk
14226,29,9,2950.38,4,4,5,Champions
14227,26,22,6327.31,4,5,5,Champions
14228,438,3,745.5,1,3,3,At Risk
14229,52,11,2468.99,4,5,4,Champions
14230,436,3,979.8,1,3,3,At Risk
14231,179,6,1131.97,3,4,3,Loyal Customers
14232,32,8,2043.93,4,4,4,Champions
14233,44,10,2766.96,4,4,4,Champions
14234,22,4,754.12,4,3,3,Loyal Customers
14235,10,10,4666.99,5,4,5,Champions
14236,81,7,1543.44,3,4,4,Loyal Customers
14237,373,3,466.04,2,3,2,At Risk
14238,326,3,434.23,2,3,2,At Risk
14239,43,24,4203.72,4,5,5,Champions
14240,30,3,1247.49,4,3,4,Loyal Customers
14241,184,2,333.7,2,2,2,Lost
14242,235,2,280.55,2,2,2,Lost
14243,9,23,7152.06,5,5,5,Champions
14244,659,2,354.82,1,2,2,Lost
14245,176,5,1677.48,3,3,4,Loyal Customers
14246,111,3,1474.06,3,3,4,Loyal Customers
14247,278,6,750.61,2,4,3,At Risk
14248,318,3,1032.95,2,3,3,At Risk
14249,411,12,5400.46,1,5,5,At Risk
14250,7,3,1904.05,5,3,4,Loyal Customers
14251,2,5,2879.7,5,3,5,Loyal Customers
14252,381,1,350.99,2,1,2,Lost
14253,493,2,363.4,1,2,2,Lost
14254,433,1,601.03,1,1,3,Cannot Lose Them
14256,254,9,2384.14,2,4,4,At Risk
14257,51,10,5942.0,4,4,5,Champions
14258,9,32,31027.35,5,5,5,Champions
14259,142,1,120.0,3,1,1,Others
14260,471,3,824.28,1,3,3,At Risk
14261,51,2,1163.45,4,2,3,New Promising
14262,8,8,2618.23,5,4,4,Champions
14263,423,1,322.93,1,1,2,Lost
14264,155,8,1475.86,3,4,4,Loyal Customers
14265,109,4,1373.35,3,3,4,Loyal Customers
14266,428,1,40.56,1,1,1,Lost
14267,151,9,1259.19,3,4,4,Loyal Customers
14268,471,1,354.85,1,1,2,Lost
14269,435,2,261.68,1,2,1,Lost
14270,332,1,492.65,2,1,2,Lost
14271,226,2,214.18,2,2,1,Lost
14272,74,4,920.81,3,3,3,Loyal Customers
14273,51,4,559.97,4,3,2,Others
14274,686,1,256.6,1,1,1,Lost
14275,396,6,1189.38,2,4,4,At Risk
14276,88,13,1929.32,3,5,4,Loyal Customers
14277,15,14,4296.27,5,5,5,Champions
14278,410,1,205.83,1,1,1,Lost
14279,521,2,191.86,1,2,1,Lost
14280,197,1,134.04,2,1,1,Lost
14281,408,1,245.15,1,1,1,Lost
14282,3,26,7245.76,5,5,5,Champions
14283,463,4,628.44,1,3,3,At Risk
14284,31,4,1282.85,4,3,4,Loyal Customers
14285,21,9,3158.64,4,4,5,Champions
14286,24,12,8396.7,4,5,5,Champions
14287,8,4,151.23,5,3,1,Others
14288,212,2,413.85,2,2,2,Lost
14289,9,6,911.26,5,4,3,Loyal Customers
14290,11,14,4208.93,5,5,5,Champions
14291,2,25,7844.4,5,5,5,Champions
14292,8,27,8887.9,5,5,5,Champions
14293,3,10,2809.41,5,4,4,Champions
14294,407,1,375.34,2,1,2,Lost
14295,40,8,2316.06,4,4,4,Champions
14296,414,3,448.45,1,3,2,At Risk
14297,18,6,1284.06,5,4,4,Champions
14298,3,84,90489.31,5,5,5,Champions
14299,8,41,12607.53,5,5,5,Champions
14300,19,1,43.2,4,1,1,New Promising
14301,108,7,1956.23,3,4,4,Loyal Customers
14302,431,3,742.9,1,3,3,At Risk
14303,407,2,277.94,2,2,2,Lost
14304,223,5,1523.81,2,3,4,At Risk
14305,71,5,1803.76,3,3,4,Loyal Customers
14306,51,7,3141.5,4,4,5,Champions
14307,89,11,4279.97,3,5,5,Loyal Customers
14309,8,12,3747.96,5,5,5,Champions
14310,433,1,492.1,1,1,2,Lost
14311,225,3,435.9,2,3,2,At Risk
14312,47,11,3090.29,4,5,5,Champions
14314,107,3,221.9,3,3,1,Others
14315,21,10,3168.72,4,4,5,Champions
14316,422,6,1355.34,1,4,4,At Risk
14317,65,1,508.58,3,1,2,Others
14318,460,1,158.02,1,1,1,Lost
14319,424,2,476.95,1,2,2,Lost
14320,207,7,1204.12,2,4,4,At Risk
14321,11,8,2198.58,5,4,4,Champions
14322,427,6,384.3,1,4,2,At Risk
14323,115,4,574.26,3,3,2,Others
14324,410,2,701.61,1,2,3,Cannot Lose Them
14325,570,1,245.48,1,1,1,Lost
14326,235,4,923.98,2,3,3,At Risk
14327,163,6,1894.93,3,4,4,Loyal Customers
14329,9,28,9695.92,5,5,5,Champions
14330,624,1,200.63,1,1,1,Lost
14331,124,2,462.66,3,2,2,Others
14332,23,5,1917.41,4,3,4,Loyal Customers
14333,64,2,351.45,3,2,2,Others
14334,17,14,4292.98,5,5,5,Champions
14335,16,2,454.86,5,2,2,New Promising
14336,17,4,1614.91,5,3,4,Loyal Customers
14338,158,5,894.1,3,3,3,Loyal Customers
14339,235,5,600.66,2,3,3,At Risk
14340,219,1,134.7,2,1,1,Lost
14341,45,20,4428.17,4,5,5,Champions
14342,21,9,842.74,4,4,3,Loyal Customers
14343,421,4,1079.66,1,3,3,At Risk
14344,127,20,2993.05,3,5,5,Loyal Customers
14345,39,1,108.98,4,1,1,New Promising
14346,121,5,2315.75,3,3,4,Loyal Customers
14347,737,1,82.6,1,1,1,Lost
14348,260,1,409.57,2,1,2,Lost
14349,10,1,133.5,5,1,1,New Promising
14350,271,4,947.8,2,3,3,At Risk
14351,165,1,51.0,3,1,1,Others
14352,157,4,1078.96,3,3,3,Loyal Customers
14353,215,3,376.5,2,3,2,At Risk
14354,6,2,163.62,5,2,1,New Promising
14355,366,3,840.05,2,3,3,At Risk
14356,60,4,666.94,3,3,3,Loyal Customers
14357,43,1,225.12,4,1,1,New Promising
14358,389,3,384.3,2,3,2,At Risk
14359,19,6,882.58,4,4,3,Loyal Customers
14360,32,4,2118.03,4,3,4,Loyal Customers
14361,579,1,214.71,1,1,1,Lost
14362,22,1,151.5,4,1,1,New Promising
14363,402,2,227.47,2,2,1,Lost
14364,109,8,3717.35,3,4,5,Loyal Customers
14365,395,2,634.68,2,2,3,Cannot Lose Them
14366,525,1,136.0,1,1,1,Lost
14367,8,19,9134.12,5,5,5,Champions
14368,320,1,155.0,2,1,1,Lost
14369,642,2,469.13,1,2,2,Lost
14370,451,9,1092.13,1,4,3,At Risk
14371,295,1,100.5,2,1,1,Lost
14372,443,3,830.18,1,3,3,At Risk
14373,358,1,76.55,2,1,1,Lost
14374,541,1,108.0,1,1,1,Lost
14375,185,3,1106.82,2,3,3,At Risk
14376,683,1,215.46,1,1,1,Lost
14377,191,2,617.05,2,2,3,Cannot Lose Them
14378,622,1,131.25,1,1,1,Lost
14379,44,4,1265.16,4,3,4,Loyal Customers
14381,52,2,625.94,4,2,3,New Promising
14382,26,3,1187.68,4,3,3,Loyal Customers
14383,38,3,1247.69,4,3,4,Loyal Customers
14384,501,1,58.5,1,1,1,Lost
14385,9,3,202.11,5,3,1,Others
14386,297,1,142.4,2,1,1,Lost
14387,33,3,1727.6,4,3,4,Loyal Customers
14388,9,20,6289.95,5,5,5,Champions
14389,9,11,1821.07,5,5,4,Champions
14390,10,18,6079.48,5,5,5,Champions
14391,577,1,135.6,1,1,1,Lost
14392,432,1,266.4,1,1,1,Lost
14393,218,1,67.95,2,1,1,Lost
14394,565,1,93.8,1,1,1,Lost
14395,2,24,7754.73,5,5,5,Champions
14396,65,7,1969.38,3,4,4,Loyal Customers
14397,1,23,2556.68,5,5,4,Champions
14398,401,2,707.79,2,2,3,Cannot Lose Them
14399,394,9,2093.21,2,4,4,At Risk
14400,141,5,1703.0,3,3,4,Loyal Customers
14401,4,25,6703.4,5,5,5,Champions
14402,652,1,285.6,1,1,2,Lost
14403,130,9,1822.76,3,4,4,Loyal Customers
14404,34,15,2625.13,4,5,4,Champions
14405,387,1,195.0,2,1,1,Lost
14406,119,1,156.75,3,1,1,Others
14407,107,9,2111.08,3,4,4,Loyal Customers
14408,11,11,4102.27,5,5,5,Champions
14409,71,10,3276.09,3,4,5,Loyal Customers
14410,16,17,2105.08,5,5,4,Champions
14411,311,1,1063.0,2,1,3,Cannot Lose Them
14412,35,4,1417.49,4,3,4,Loyal Customers
14413,362,4,764.52,2,3,3,At Risk
14414,92,9,2387.48,3,4,4,Loyal Customers
14415,1,32,11803.62,5,5,5,Champions
14416,22,2,490.22,4,2,2,New Promising
14417,388,1,524.65,2,1,2,Lost
14418,4,3,1937.25,5,3,4,Loyal Customers
14419,11,7,1254.64,5,4,4,Champions
14420,85,7,1627.72,3,4,4,Loyal Customers
14421,57,7,2456.62,4,4,4,Champions
14422,1,21,10200.92,5,5,5,Champions
14423,218,4,914.96,2,3,3,At Risk
14424,18,1,322.08,5,1,2,New Promising
14425,427,5,635.89,1,3,3,At Risk
14426,19,27,11103.97,4,5,5,Champions
14427,50,4,1263.52,4,3,4,Loyal Customers
14428,7,7,1209.37,5,4,4,Champions
14429,404,1,516.28,2,1,2,Lost
14430,512,5,956.4,1,3,3,At Risk
14431,299,5,2567.1,2,3,4,At Risk
14432,10,6,2248.5,5,4,4,Champions
14433,466,1,280.7,1,1,2,Lost
14434,22,6,1372.8,4,4,4,Champions
14435,502,1,90.42,1,1,1,Lost
14436,99,2,271.7,3,2,1,Others
14437,143,7,744.44,3,4,3,Loyal Customers
14438,306,1,131.9,2,1,1,Lost
14439,320,5,9443.04,2,3,5,At Risk
14440,8,15,5870.13,5,5,5,Champions
14441,1,19,4370.09,5,5,5,Champions
14442,2,12,5272.02,5,5,5,Champions
14443,54,8,2063.65,4,4,4,Champions
14444,456,1,120.44,1,1,1,Lost
14445,456,1,221.65,1,1,1,Lost
14446,1,5,1200.28,5,3,4,Loyal Customers
14447,19,6,1711.73,4,4,4,Champions
14448,9,2,375.35,5,2,2,New Promising
14449,19,8,2230.96,4,4,4,Champions
14450,181,7,1128.44,3,4,3,Loyal Customers
14451,60,18,3215.5,3,5,5,Loyal Customers
14452,11,4,658.95,5,3,3,Loyal Customers
14453,190,1,119.93,2,1,1,Lost
14454,376,6,970.7,2,4,3,At Risk
14455,432,5,584.37,1,3,2,At Risk
14456,5,14,3002.51,5,5,5,Champions
14457,311,1,113.64,2,1,1,Lost
14458,381,1,228.07,2,1,1,Lost
14459,155,3,5339.14,3,3,5,Loyal Customers
14460,110,12,919.6,3,5,3,Loyal Customers
14461,148,14,6661.01,3,5,5,Loyal Customers
14462,64,16,2204.69,3,5,4,Loyal Customers
14463,98,4,786.57,3,3,3,Loyal Customers
14464,568,2,111.0,1,2,1,Lost
14465,247,11,3925.85,2,5,5,At Risk
14466,29,13,4267.15,4,5,5,Champions
14467,18,12,2203.24,5,5,4,Champions
14468,734,1,204.24,1,1,1,Lost
14469,416,4,2093.46,1,3,4,At Risk
14470,12,3,712.04,5,3,3,Loyal Customers
14471,591,2,400.95,1,2,2,Lost
14472,104,9,2118.72,3,4,4,Loyal Customers
14473,74,2,234.34,3,2,1,Others
14474,43,3,1248.94,4,3,4,Loyal Customers
14475,72,7,1025.12,3,4,3,Loyal Customers
14476,257,1,193.0,2,1,1,Lost
14477,20,10,1960.61,4,4,4,Champions
14478,382,4,1276.66,2,3,4,At Risk
14479,254,4,1124.71,2,3,3,At Risk
14480,11,5,1295.27,5,3,4,Loyal Customers
14481,165,6,1908.52,3,4,4,Loyal Customers
14482,18,14,4141.06,5,5,5,Champions
14483,150,3,249.2,3,3,1,Others
14484,50,4,1070.98,4,3,3,Loyal Customers
14485,39,1,162.8,4,1,1,New Promising
14486,512,2,175.5,1,2,1,Lost
14487,27,8,1253.52,4,4,4,Champions
14488,51,2,1047.43,4,2,3,New Promising
14489,207,4,1574.93,2,3,4,At Risk
14490,406,2,1273.47,2,2,4,Cannot Lose Them
14491,175,2,340.93,3,2,2,Others
14492,430,10,1574.36,1,4,4,At Risk
14493,7,14,4993.76,5,5,5,Champions
14494,26,3,401.46,4,3,2,Others
14495,51,4,166.3,4,3,1,Others
14496,312,10,2341.54,2,4,4,At Risk
14497,301,3,679.16,2,3,3,At Risk
14498,43,10,3900.83,4,4,5,Champions
14499,26,10,2083.44,4,4,4,Champions
14500,88,3,356.85,3,3,2,Others
14501,64,3,190.31,3,3,1,Others
14502,20,14,2310.18,4,5,4,Champions
14503,3,6,3543.26,5,4,5,Champions
14504,47,4,673.26,4,3,3,Loyal Customers
14505,17,27,11596.04,5,5,5,Champions
14506,17,7,2960.25,5,4,5,Champions
14507,24,14,3104.8,4,5,5,Champions
14508,22,6,804.07,4,4,3,Loyal Customers
14509,534,1,110.95,1,1,1,Lost
14510,376,4,964.55,2,3,3,At Risk
14511,11,6,1267.41,5,4,4,Champions
14512,188,7,1215.97,2,4,4,At Risk
14513,101,7,770.91,3,4,3,Loyal Customers
14514,61,10,4375.79,3,4,5,Loyal Customers
14515,18,15,3693.7,5,5,5,Champions
14516,516,1,151.17,1,1,1,Lost
14517,33,2,330.45,4,2,2,New Promising
14518,64,1,174.37,3,1,1,Others
14519,684,2,203.14,1,2,1,Lost
14520,2,2,270.6,5,2,1,New Promising
14521,477,2,167.65,1,2,1,Lost
14522,24,8,1748.42,4,4,4,Champions
14523,108,1,241.09,3,1,1,Others
14524,32,13,2909.86,4,5,5,Champions
14525,9,21,7915.71,5,5,5,Champions
14526,389,1,258.65,2,1,1,Lost
14527,3,190,25285.91,5,5,5,Champions
14528,37,1,364.22,4,1,2,New Promising
14529,60,3,578.61,3,3,2,Others
14530,26,19,5968.62,4,5,5,Champions
14531,480,1,376.34,1,1,2,Lost
14532,236,12,3833.03,2,5,5,At Risk
14533,25,15,3185.12,4,5,5,Champions
14534,3,38,5702.97,5,5,5,Champions
14535,59,11,5815.13,3,5,5,Loyal Customers
14536,260,1,170.95,2,1,1,Lost
14537,58,3,635.45,3,3,3,Loyal Customers
14538,65,5,1370.84,3,3,4,Loyal Customers
14539,16,2,537.48,5,2,2,New Promising
14540,10,12,3699.74,5,5,5,Champions
14541,59,14,2491.38,3,5,4,Loyal Customers
14542,186,1,103.25,2,1,1,Lost
14543,4,50,11905.71,5,5,5,Champions
14544,24,3,2938.53,4,3,5,Loyal Customers
14545,674,1,349.25,1,1,2,Lost
14546,4,20,4987.97,5,5,5,Champions
14547,4,9,3953.95,5,4,5,Champions
14548,151,9,2541.29,3,4,4,Loyal Customers
14549,311,4,913.6,2,3,3,At Risk
14550,11,4,1345.06,5,3,4,Loyal Customers
14551,18,9,856.64,5,4,3,Loyal Customers
14552,152,3,507.93,3,3,2,Others
14553,19,10,1793.1,4,4,4,Champions
14554,10,4,2279.49,5,3,4,Loyal Customers
14555,57,7,2294.88,4,4,4,Champions
14556,596,3,815.69,1,3,3,At Risk
14557,64,2,0.0,3,2,1,Others
14558,653,5,614.1,1,3,3,At Risk
14559,390,1,75.6,2,1,1,Lost
14560,7,46,6050.44,5,5,5,Champions
14561,76,3,1080.76,3,3,3,Loyal Customers
14562,4,30,6308.0,5,5,5,Champions
14563,510,2,640.54,1,2,3,Cannot Lose Them
14564,427,5,2519.32,1,3,4,At Risk
14565,96,7,3833.87,3,4,5,Loyal Customers
14566,111,4,4092.0,3,3,5,Loyal Customers
14567,35,3,1524.46,4,3,4,Loyal Customers
14568,424,2,909.5,1,2,3,Cannot Lose Them
14569,1,4,597.33,5,3,3,Loyal Customers
14570,281,3,613.75,2,3,3,At Risk
14571,425,1,160.0,1,1,1,Lost
14572,3,15,5484.98,5,5,5,Champions
14573,180,17,2113.42,3,5,4,Loyal Customers
14574,733,1,143.7,1,1,1,Lost
14575,488,1,420.22,1,1,2,Lost
14576,372,1,35.4,2,1,1,Lost
14577,13,7,1364.15,5,4,4,Champions
14578,3,1,168.63,5,1,1,New Promising
14579,432,1,105.56,1,1,1,Lost
14580,518,1,14.85,1,1,1,Lost
14581,17,2,409.65,5,2,2,New Promising
14582,41,1,114.11,4,1,1,New Promising
14583,6,8,1660.29,5,4,4,Champions
14584,169,9,1725.16,3,4,4,Loyal Customers
14585,50,5,1143.27,4,3,3,Loyal Customers
14586,227,3,134.16,2,3,1,At Risk
14587,19,10,1577.39,4,4,4,Champions
14588,578,1,135.39,1,1,1,Lost
14589,372,1,39.75,2,1,1,Lost
14590,425,28,2871.04,1,5,5,At Risk
14591,15,4,1320.21,5,3,4,Loyal Customers
14592,35,3,557.94,4,3,2,Others
14593,22,18,3568.69,4,5,5,Champions
14594,7,2,363.33,5,2,2,New Promising
14595,20,8,2164.45,4,4,4,Champions
14596,627,1,222.22,1,1,1,Lost
14597,11,6,2184.63,5,4,4,Champions
14598,44,3,221.97,4,3,1,Others
14599,390,2,457.89,2,2,2,Lost
14600,306,2,865.17,2,2,3,Cannot Lose Them
14601,11,1,213.96,5,1,1,New Promising
14602,656,1,205.36,1,1,1,Lost
14603,275,1,660.0,2,1,3,Cannot Lose Them
14604,633,1,143.86,1,1,1,Lost
14605,374,4,921.56,2,3,3,At Risk
14606,1,259,29197.59,5,5,5,Champions
14607,16,27,18371.06,5,5,5,Champions
14608,4,12,3273.44,5,5,5,Champions
14609,72,11,1366.2,3,5,4,Loyal Customers
14610,396,2,24.35,2,2,1,Lost
14611,439,3,599.38,1,3,3,At Risk
14612,415,1,877.7,1,1,3,Cannot Lose Them
14613,680,1,76.32,1,1,1,Lost
14614,386,1,295.13,2,1,2,Lost
14615,394,6,934.26,2,4,3,At Risk
14616,243,5,527.78,2,3,2,At Risk
14617,403,2,190.47,2,2,1,Lost
14618,9,9,1310.52,5,4,4,Champions
14619,239,3,1276.31,2,3,4,At Risk
14620,204,3,393.28,2,3,2,At Risk
14621,1,16,2878.27,5,5,5,Champions
14622,185,1,320.58,2,1,2,Lost
14623,32,12,1988.23,4,5,4,Champions
14624,57,6,814.07,4,4,3,Loyal Customers
14625,185,18,4429.18,2,5,5,At Risk
14626,9,15,5374.77,5,5,5,Champions
14627,312,3,406.4,2,3,2,At Risk
14628,91,5,1998.0,3,3,4,Loyal Customers
14629,4,3,935.46,5,3,3,Loyal Customers
14630,484,1,338.65,1,1,2,Lost
14631,51,7,2023.17,4,4,4,Champions
14632,263,1,114.56,2,1,1,Lost
14633,266,1,344.9,2,1,2,Lost
14634,438,7,1971.82,1,4,4,At Risk
14635,454,1,215.22,1,1,1,Lost
14636,36,2,609.85,4,2,3,New Promising
14637,677,1,106.68,1,1,1,Lost
14638,51,1,443.6,4,1,2,New Promising
14639,52,11,4946.81,4,5,5,Champions
14640,16,16,3446.33,5,5,5,Champions
14641,22,1,110.46,4,1,1,New Promising
14642,59,1,96.12,3,1,1,Others
14643,170,6,1654.69,3,4,4,Loyal Customers
14644,9,12,2077.47,5,5,4,Champions
14645,157,4,840.24,3,3,3,Loyal Customers
14646,2,164,523342.07,5,5,5,Champions
14647,201,2,506.04,2,2,2,Lost
14648,404,19,4378.0,2,5,5,At Risk
14649,5,11,3630.04,5,5,5,Champions
14650,589,1,62.5,1,1,1,Lost
14651,67,9,2025.52,3,4,4,Loyal Customers
14652,77,1,114.18,3,1,1,Others
14653,1,12,3593.06,5,5,5,Champions
14654,738,1,246.86,1,1,1,Lost
14655,4,12,3829.23,5,5,5,Champions
14656,169,5,790.0,3,3,3,Loyal Customers
14657,18,7,1440.24,5,4,4,Champions
14658,5,2,247.15,5,2,1,New Promising
14659,9,12,2456.53,5,5,4,Champions
14660,87,2,285.74,3,2,2,Others
14661,27,1,107.95,4,1,1,New Promising
14662,29,7,1376.43,4,4,4,Champions
14663,430,2,490.6,1,2,2,Lost
14664,20,2,636.24,4,2,3,New Promising
14665,61,9,2172.33,3,4,4,Loyal Customers
14666,24,1,195.25,4,1,1,New Promising
14667,11,61,20188.79,5,5,5,Champions
14668,445,1,111.63,1,1,1,Lost
14669,242,7,3216.78,2,4,5,At Risk
14670,280,3,583.33,2,3,2,At Risk
14671,549,2,1127.45,1,2,3,Cannot Lose Them
14672,235,4,1113.14,2,3,3,At Risk
14673,3,7,3037.32,5,4,5,Champions
14674,509,1,173.66,1,1,1,Lost
14675,16,2,1015.58,5,2,3,New Promising
14676,31,16,8285.49,4,5,5,Champions
14677,593,1,184.91,1,1,1,Lost
14678,571,2,386.44,1,2,2,Lost
14679,372,5,1272.95,2,3,4,At Risk
14680,25,87,53080.02,4,5,5,Champions
14681,71,6,875.15,3,4,3,Loyal Customers
14682,188,6,1514.81,2,4,4,At Risk
14683,588,1,146.56,1,1,1,Lost
14684,26,6,1430.03,4,4,4,Champions
14685,576,13,4241.16,1,5,5,At Risk
14686,414,6,844.58,1,4,3,At Risk
14687,107,3,1402.06,3,3,4,Loyal Customers
14688,8,34,6666.93,5,5,5,Champions
14689,209,1,112.8,2,1,1,Lost
14690,44,5,764.59,4,4,3,Loyal Customers
14691,31,5,2114.33,4,4,4,Champions
14692,137,13,1705.64,3,5,4,Loyal Customers
14693,265,8,1139.86,2,4,3,At Risk
14694,617,1,244.31,1,1,1,Lost
14695,519,4,1466.72,1,3,4,At Risk
14696,4,10,2465.3,5,4,4,Champions
14697,218,2,188.61,2,2,1,Lost
14698,2,5,1217.27,5,4,4,Champions
14699,214,4,702.6,2,3,3,At Risk
14700,32,5,3076.06,4,4,5,Champions
14701,11,18,4423.96,5,5,5,Champions
14702,1,32,6310.28,5,5,5,Champions
14703,15,1,318.17,5,1,2,New Promising
14704,11,11,1752.92,5,5,4,Champions
14705,199,1,179.0,2,1,1,Lost
14706,619,1,367.54,1,1,2,Lost
14707,436,2,139.2,1,2,1,Lost
14708,3,6,1763.52,5,4,4,Champions
14709,15,27,8866.48,5,5,5,Champions
14710,14,13,1899.79,5,5,4,Champions
14711,10,12,2809.02,5,5,4,Champions
14712,29,4,1328.07,4,3,4,Loyal Customers
14713,9,25,5069.36,5,5,5,Champions
14714,24,7,896.4,4,4,3,Loyal Customers
14715,25,8,1825.45,4,4,4,Champions
14716,43,3,543.28,4,3,2,Others
14717,733,2,72.8,1,2,1,Lost
14718,410,1,226.42,1,1,1,Lost
14719,2,6,1571.89,5,4,4,Champions
14720,6,3,663.81,5,3,3,Loyal Customers
14721,379,1,109.07,2,1,1,Lost
14722,147,3,489.52,3,3,2,Others
14723,10,11,1803.06,5,5,4,Champions
14724,590,1,341.9,1,1,2,Lost
14725,25,5,1202.34,4,4,4,Champions
14726,655,1,116.5,1,1,1,Lost
14727,274,4,291.13,2,3,2,At Risk
14728,413,1,190.58,1,1,1,Lost
14729,374,3,586.24,2,3,2,At Risk
14730,1,8,1897.57,5,4,4,Champions
14731,47,3,380.02,4,3,2,Others
14732,8,24,5447.52,5,5,5,Champions
14733,9,18,14200.78,5,5,5,Champions
14734,416,5,1045.47,1,4,3,At Risk
14735,4,59,11909.71,5,5,5,Champions
14736,485,2,374.05,1,2,2,Lost
14737,4,4,3554.17,5,3,5,Loyal Customers
14738,39,12,1763.64,4,5,4,Champions
14739,2,28,11555.69,5,5,5,Champions
14740,191,13,4068.86,2,5,5,At Risk
14741,12,7,1713.09,5,4,4,Champions
14742,435,1,579.85,1,1,2,Lost
14743,593,1,50.48,1,1,1,Lost
14744,16,17,3596.02,5,5,5,Champions
14745,113,17,2471.06,3,5,4,Loyal Customers
14746,406,4,593.5,2,3,2,At Risk
14747,248,2,294.3,2,2,2,Lost
14748,29,16,2201.83,4,5,4,Champions
14749,480,1,310.15,1,1,2,Lost
14750,736,1,112.03,1,1,1,Lost
14751,684,2,126.45,1,2,1,Lost
14752,44,1,389.64,4,1,2,New Promising
14753,87,2,869.51,3,2,3,Others
14754,45,7,1543.73,4,4,4,Champions
14755,10,30,9851.45,5,5,5,Champions
14756,15,4,2613.46,5,3,4,Loyal Customers
14757,75,1,420.5,3,1,2,Others
14758,145,7,2864.97,3,4,5,Loyal Customers
14759,5,3,1625.97,5,3,4,Loyal Customers
14760,294,2,53.8,2,2,1,Lost
14761,59,3,447.92,3,3,2,Others
14762,264,2,417.57,2,2,2,Lost
14764,44,2,250.55,4,2,1,New Promising
14765,29,3,254.11,4,3,1,Others
14766,8,14,6301.88,5,5,5,Champions
14767,474,1,382.81,1,1,2,Lost
14768,17,3,139.5,5,3,1,Others
14769,3,21,15438.9,5,5,5,Champions
14770,232,9,3624.89,2,4,5,At Risk
14771,606,3,579.92,1,3,2,At Risk
14772,112,1,139.26,3,1,1,Others
14773,589,2,125.7,1,2,1,Lost
14774,529,1,241.45,1,1,1,Lost
14775,58,3,1011.9,3,3,3,Loyal Customers
14776,51,19,3339.02,4,5,5,Champions
14777,4,4,239.26,5,3,1,Others
14778,127,2,730.86,3,2,3,Others
14779,281,3,386.15,2,3,2,At Risk
14780,55,2,447.68,4,2,2,New Promising
14782,320,1,200.1,2,1,1,Lost
14783,655,2,305.35,1,2,2,Lost
14784,26,3,449.93,4,3,2,Others
14785,10,2,77.4,5,2,1,New Promising
14786,550,1,90.96,1,1,1,Lost
14787,471,1,110.65,1,1,1,Lost
14788,7,3,1156.32,5,3,3,Loyal Customers
14789,29,1,197.64,4,1,1,New Promising
14790,17,10,2526.62,5,4,4,Champions
14791,607,1,303.63,1,1,2,Lost
14793,4,3,611.05,5,3,3,Loyal Customers
14794,3,13,1889.15,5,5,4,Champions
14795,166,1,131.45,3,1,1,Others
14796,1,39,9972.76,5,5,5,Champions
14797,507,1,300.31,1,1,2,Lost
14798,53,9,715.11,4,4,3,Loyal Customers
14799,51,2,338.15,4,2,2,New Promising
14800,48,23,6832.6,4,5,5,Champions
14801,61,1,189.34,3,1,1,Others
14803,162,3,845.55,3,3,3,Loyal Customers
14804,9,1,353.27,5,1,2,New Promising
14805,15,7,1082.55,5,4,3,Loyal Customers
14806,75,2,303.43,3,2,2,Others
14807,391,2,504.14,2,2,2,Lost
14808,40,15,2152.8,4,5,4,Champions
14809,621,2,686.76,1,2,3,Cannot Lose Them
14810,41,13,2354.03,4,5,4,Champions
14811,387,1,170.5,2,1,1,Lost
14812,599,1,178.85,1,1,1,Lost
14813,370,4,888.91,2,3,3,At Risk
14814,581,1,154.21,1,1,1,Lost
14815,37,2,778.5,4,2,3,New Promising
14816,197,1,271.85,2,1,1,Lost
14817,200,9,3889.21,2,4,5,At Risk
14818,74,6,1153.56,3,4,3,Loyal Customers
14819,64,4,456.41,3,3,2,Others
14820,21,9,1274.76,4,4,4,Champions
14821,367,7,1230.15,2,4,4,At Risk
14822,485,1,157.7,1,1,1,Lost
14823,180,3,321.43,3,3,2,Others
14824,10,12,3952.51,5,5,5,Champions
14825,4,27,4696.28,5,5,5,Champions
14826,582,2,385.2,1,2,2,Lost
14828,197,14,9803.46,2,5,5,At Risk
14829,29,9,1402.97,4,4,4,Champions
14830,53,1,188.88,4,1,1,New Promising
14831,574,7,1623.97,1,4,4,At Risk
14833,499,1,94.8,1,1,1,Lost
14834,18,9,2184.21,5,4,4,Champions
14835,527,3,293.1,1,3,2,At Risk
14836,10,3,102.45,5,3,1,Others
14837,90,12,3445.82,3,5,5,Loyal Customers
14838,423,2,769.92,1,2,3,Cannot Lose Them
14839,418,3,915.28,1,3,3,At Risk
14840,268,3,340.21,2,3,2,At Risk
14841,53,14,7163.0,4,5,5,Champions
14842,35,8,2456.8,4,4,4,Champions
14843,437,1,211.8,1,1,1,Lost
14844,64,12,6688.43,3,5,5,Loyal Customers
14845,600,1,150.0,1,1,1,Lost
14846,423,2,406.8,1,2,2,Lost
14847,149,4,1320.6,3,3,4,Loyal Customers
14848,405,1,310.56,2,1,2,Lost
14849,22,50,15186.6,4,5,5,Champions
14850,312,9,1599.76,2,4,4,At Risk
14851,23,3,829.41,4,3,3,Loyal Customers
14852,58,21,6108.88,3,5,5,Loyal Customers
14853,9,7,1351.37,5,4,4,Champions
14854,78,14,4282.37,3,5,5,Loyal Customers
14855,119,7,6520.3,3,4,5,Loyal Customers
14856,36,3,1290.53,4,3,4,Loyal Customers
14857,60,10,3578.93,3,4,5,Loyal Customers
14858,506,1,180.75,1,1,1,Lost
14859,13,6,1703.94,5,4,4,Champions
14860,9,2,168.62,5,2,1,New Promising
14861,52,14,1318.4,4,5,4,Champions
14862,26,2,841.2,4,2,3,New Promising
14863,29,1,266.76,4,1,1,New Promising
14865,7,4,92.52,5,3,1,Others
14866,11,20,20554.09,5,5,5,Champions
14867,186,19,2910.41,2,5,5,At Risk
14868,3,13,4170.06,5,5,5,Champions
14869,4,9,2750.7,5,4,4,Champions
14870,262,9,1794.6,2,4,4,At Risk
14871,3,9,1228.17,5,4,4,Champions
14872,481,4,802.68,1,3,3,At Risk
14873,210,2,854.13,2,2,3,Cannot Lose Them
14874,535,1,116.18,1,1,1,Lost
14875,9,7,2841.55,5,4,4,Champions
14876,521,2,256.7,1,2,1,Lost
14877,418,2,425.85,1,2,2,Lost
14878,13,28,3783.48,5,5,5,Champions
14879,685,1,185.06,1,1,1,Lost
14880,77,3,690.59,3,3,3,Loyal Customers
14881,20,1,255.4,4,1,1,New Promising
14882,27,15,3345.05,4,5,5,Champions
14883,19,7,756.64,4,4,3,Loyal Customers
14884,669,1,120.6,1,1,1,Lost
14885,132,4,1496.12,3,3,4,Loyal Customers
14886,253,1,364.8,2,1,2,Lost
14887,79,1,1862.0,3,1,4,Others
14888,207,1,369.2,2,1,2,Lost
14889,336,1,135.9,2,1,1,Lost
14890,254,3,817.25,2,3,3,At Risk
14891,148,4,1106.73,3,3,3,Loyal Customers
14892,691,1,202.35,1,1,1,Lost
14893,10,6,1782.26,5,4,4,Champions
14894,85,5,1412.21,3,4,4,Loyal Customers
14895,8,48,24488.82,5,5,5,Champions
14896,205,10,1727.3,2,4,4,At Risk
14897,8,9,3100.74,5,4,5,Champions
14898,23,18,3242.6,4,5,5,Champions
14899,395,1,1331.38,2,1,4,Cannot Lose Them
14900,522,1,13.92,1,1,1,Lost
14901,11,13,1912.7,5,5,4,Champions
14902,21,5,1000.27,4,4,3,Loyal Customers
14903,21,10,2729.18,4,4,4,Champions
14904,2,4,1630.49,5,3,4,Loyal Customers
14905,154,10,1939.69,3,4,4,Loyal Customers
14907,3,23,5476.62,5,5,5,Champions
14908,74,2,381.9,3,2,2,Others
14909,428,5,1380.98,1,4,4,At Risk
14910,3,7,389.86,5,4,2,Others
14911,1,510,265757.91,5,5,5,Champions
14912,17,11,748.58,5,5,3,Loyal Customers
14913,36,8,4073.13,4,4,5,Champions
14915,86,13,1752.65,3,5,4,Loyal Customers
14916,71,11,2888.21,3,5,5,Loyal Customers
14917,597,2,1123.75,1,2,3,Cannot Lose Them
14918,116,9,5955.81,3,4,5,Loyal Customers
14919,539,1,359.35,1,1,2,Lost
14920,213,3,1607.17,2,3,4,At Risk
14921,30,2,1316.07,4,2,4,New Promising
14922,394,2,843.74,2,2,3,Cannot Lose Them
14923,51,1,749.1,4,1,3,New Promising
14924,246,3,931.01,2,3,3,At Risk
14926,382,3,337.65,2,3,2,At Risk
14927,397,1,308.2,2,1,2,Lost
14928,619,2,204.46,1,2,1,Lost
14929,32,2,836.69,4,2,3,New Promising
14930,109,9,5126.74,3,4,5,Loyal Customers
14931,5,6,964.68,5,4,3,Loyal Customers
14932,366,2,666.13,2,2,3,Cannot Lose Them
14933,444,5,885.0,1,4,3,At Risk
14934,73,9,2444.1,3,4,4,Loyal Customers
14935,297,2,2849.83,2,2,4,Cannot Lose Them
14936,9,14,12378.46,5,5,5,Champions
14937,57,4,1617.63,4,3,4,Loyal Customers
14938,502,4,2289.43,1,3,4,At Risk
14940,418,2,531.49,1,2,2,Lost
14941,579,1,182.1,1,1,1,Lost
14942,402,5,706.56,2,4,3,At Risk
14943,663,1,107.62,1,1,1,Lost
14944,30,24,9674.92,4,5,5,Champions
14945,414,1,179.4,1,1,1,Lost
14946,14,1,100.9,5,1,1,New Promising
14947,72,6,1049.79,3,4,3,Loyal Customers
14948,23,7,1066.57,4,4,3,Loyal Customers
14949,460,6,498.55,1,4,2,At Risk
14950,9,2,361.25,5,2,2,New Promising
14951,79,1,311.69,3,1,2,Others
14952,46,43,17347.25,4,5,5,Champions
14953,25,5,962.92,4,4,3,Loyal Customers
14954,12,2,462.12,5,2,2,New Promising
14955,733,1,163.77,1,1,1,Lost
14956,421,1,1325.0,1,1,4,Cannot Lose Them
14957,253,2,261.69,2,2,1,Lost
14958,147,6,941.99,3,4,3,Loyal Customers
14959,59,5,684.97,3,4,3,Loyal Customers
14960,8,2,221.27,5,2,1,New Promising
14961,11,28,16328.9,5,5,5,Champions
14962,271,4,366.91,2,3,2,At Risk
14963,10,13,3117.72,5,5,5,Champions
14964,247,1,206.21,2,1,1,Lost
14965,96,2,596.09,3,2,2,Others
14966,15,6,1064.26,5,4,3,Loyal Customers
14967,50,7,1680.52,4,4,4,Champions
14968,30,2,501.24,4,2,2,New Promising
14969,704,1,906.23,1,1,3,Cannot Lose Them
14970,68,16,3593.4,3,5,5,Loyal Customers
14971,35,3,1097.98,4,3,3,Loyal Customers
14972,128,2,145.07,3,2,1,Others
14973,107,3,1314.45,3,3,4,Loyal Customers
14974,37,1,89.94,4,1,1,New Promising
14975,57,2,472.39,4,2,2,New Promising
14976,57,8,765.86,4,4,3,Loyal Customers
14977,726,1,31.93,1,1,1,Lost
14978,72,12,3076.39,3,5,5,Loyal Customers
14979,735,1,429.66,1,1,2,Lost
14980,737,1,150.68,1,1,1,Lost
14981,246,3,313.52,2,3,2,At Risk
14982,572,1,237.78,1,1,1,Lost
14983,689,1,183.2,1,1,1,Lost
14984,19,6,1260.51,4,4,4,Champions
14985,198,2,292.01,2,2,2,Lost
14986,376,2,563.1,2,2,2,Lost
14987,16,9,1469.05,5,4,4,Champions
14988,212,7,2038.65,2,4,4,At Risk
14989,662,1,342.4,1,1,2,Lost
14990,612,2,304.17,1,2,2,Lost
14991,430,1,314.67,1,1,2,Lost
14992,442,1,210.5,1,1,1,Lost
14993,564,1,36.13,1,1,1,Lost
14994,382,8,872.42,2,4,3,At Risk
14995,39,2,231.98,4,2,1,New Promising
14996,481,2,442.29,1,2,2,Lost
14997,46,5,771.38,4,4,3,Loyal Customers
14998,170,4,753.18,3,3,3,Loyal Customers
14999,593,1,129.48,1,1,1,Lost
15000,48,1,490.52,4,1,2,New Promising
15001,394,2,199.11,2,2,1,Lost
15002,116,9,4138.08,3,4,5,Loyal Customers
15003,473,7,1022.03,1,4,3,At Risk
15004,147,1,1220.77,3,1,4,Others
15005,16,76,13412.9,5,5,5,Champions
15006,51,2,757.78,4,2,3,New Promising
15007,159,1,156.91,3,1,1,Others
15008,480,2,360.0,1,2,2,Lost
15009,12,3,1259.43,5,3,4,Loyal Customers
15010,36,1,308.94,4,1,2,New Promising
15011,396,2,416.6,2,2,2,Lost
15012,54,3,646.26,4,3,3,Loyal Customers
15013,488,10,1610.82,1,4,4,At Risk
15014,43,2,257.67,4,2,1,New Promising
15015,501,20,2265.77,1,5,4,At Risk
15016,173,6,612.89,3,4,3,Loyal Customers
15017,34,1,125.58,4,1,1,New Promising
15018,39,4,456.26,4,3,2,Others
15019,267,1,252.81,2,1,1,Lost
15020,379,1,198.47,2,1,1,Lost
15021,9,17,2422.35,5,5,4,Champions
15022,12,5,1133.44,5,4,3,Loyal Customers
15023,3,23,11500.16,5,5,5,Champions
15024,10,16,3559.39,5,5,5,Champions
15025,33,2,979.79,4,2,3,New Promising
15026,80,5,1048.89,3,4,3,Loyal Customers
15027,31,13,2974.04,4,5,5,Champions
15028,8,6,962.94,5,4,3,Loyal Customers
15029,618,2,362.15,1,2,2,Lost
15030,72,9,1964.66,3,4,4,Loyal Customers
15031,4,16,2803.73,5,5,4,Champions
15032,256,10,10515.05,2,4,5,At Risk
15033,5,11,2541.53,5,5,4,Champions
15034,16,17,8200.25,5,5,5,Champions
15035,90,1,252.73,3,1,1,Others
15036,72,3,429.56,3,3,2,Others
15037,376,2,397.76,2,2,2,Lost
15038,43,10,1106.63,4,4,3,Loyal Customers
15039,10,107,38853.04,5,5,5,Champions
15040,542,1,7.49,1,1,1,Lost
15041,170,2,289.4,3,2,2,Others
15042,199,2,315.45,2,2,2,Lost
15043,31,6,2870.32,4,4,5,Champions
15044,19,47,15661.35,4,5,5,Champions
15045,152,3,633.66,3,3,3,Loyal Customers
15046,9,28,7394.78,5,5,5,Champions
15047,270,1,343.62,2,1,2,Lost
15048,65,5,377.52,3,4,2,Others
15049,274,1,121.17,2,1,1,Lost
15050,25,7,4032.27,4,4,5,Champions
15051,23,10,3911.91,4,4,5,Champions
15052,319,1,207.73,2,1,1,Lost
15053,5,3,693.95,5,3,3,Loyal Customers
15054,12,2,302.1,5,2,2,New Promising
15055,475,3,549.12,1,3,2,At Risk
15056,520,1,113.65,1,1,1,Lost
15057,275,6,3184.56,2,4,5,At Risk
15058,25,17,3354.73,4,5,5,Champions
15059,41,27,3395.25,4,5,5,Champions
15060,8,4,294.25,5,3,2,Others
15061,4,138,124961.98,5,5,5,Champions
15062,71,8,2585.62,3,4,4,Loyal Customers
15063,213,1,370.8,2,1,2,Lost
15064,410,4,1254.41,1,3,4,At Risk
15065,38,7,3304.71,4,4,5,Champions
15066,32,2,760.59,4,2,3,New Promising
15067,78,6,3850.13,3,4,5,Loyal Customers
15068,46,4,1174.9,4,3,3,Loyal Customers
15069,179,1,1109.53,3,1,3,Others
15070,373,3,737.05,2,3,3,At Risk
15071,94,4,1455.56,3,3,4,Loyal Customers
15072,479,1,187.52,1,1,1,Lost
15073,10,9,2357.04,5,4,4,Champions
15074,105,3,1553.13,3,3,4,Loyal Customers
15075,78,1,773.03,3,1,3,Others
15076,173,5,1425.84,3,4,4,Loyal Customers
15077,456,4,2423.88,1,3,4,At Risk
15078,7,64,17101.37,5,5,5,Champions
15079,213,17,3544.8,2,5,5,At Risk
15080,428,2,546.25,1,2,2,Lost
15081,22,13,1837.12,4,5,4,Champions
15082,669,1,93.35,1,1,1,Lost
15083,257,1,88.2,2,1,1,Lost
15084,380,2,965.2,2,2,3,Cannot Lose Them
15085,730,1,347.54,1,1,2,Lost
15086,565,2,218.53,1,2,1,Lost
15087,282,1,306.94,2,1,2,Lost
15088,21,3,1140.27,4,3,3,Loyal Customers
15089,10,6,2420.84,5,4,4,Champions
15090,308,1,381.32,2,1,2,Lost
15091,54,6,1023.11,4,4,3,Loyal Customers
15092,215,4,773.16,2,3,3,At Risk
15093,18,34,13034.15,5,5,5,Champions
15094,463,2,83.0,1,2,1,Lost
15095,104,11,3135.74,3,5,5,Loyal Customers
15096,43,1,219.39,4,1,1,New Promising
15097,4,5,587.05,5,4,2,Others
15098,182,5,649.5,3,4,3,Loyal Customers
15099,84,1,410.48,3,1,2,Others
15100,330,14,1750.1,2,5,4,At Risk
15101,9,11,1303.49,5,5,4,Champions
15102,531,2,554.67,1,2,2,Lost
15103,31,2,703.36,4,2,3,New Promising
15104,167,3,968.64,3,3,3,Loyal Customers
15105,18,9,3094.91,5,4,5,Champions
15106,18,7,1407.73,5,4,4,Champions
15107,311,12,740.26,2,5,3,At Risk
15108,142,5,1291.75,3,4,4,Loyal Customers
15109,241,4,961.9,2,3,3,At Risk
15110,24,9,1482.95,4,4,4,Champions
15111,29,5,2442.37,4,4,4,Champions
15112,611,1,209.4,1,1,1,Lost
15113,10,4,3339.51,5,3,5,Loyal Customers
15114,30,12,3400.12,4,5,5,Champions
15115,18,3,528.1,5,3,2,Others
15116,18,4,1352.75,5,3,4,Loyal Customers
15117,15,9,2484.32,5,4,4,Champions
15118,134,1,244.8,3,1,1,Others
15119,246,1,266.4,2,1,1,Lost
15120,130,2,343.82,3,2,2,Others
15121,50,2,457.72,4,2,2,New Promising
15122,85,16,4451.22,3,5,5,Loyal Customers
15123,7,5,4656.17,5,4,5,Champions
15124,23,4,450.82,4,3,2,Others
15125,25,36,16124.33,4,5,5,Champions
15126,537,2,449.49,1,2,2,Lost
15127,66,2,711.5,3,2,3,Others
15128,60,9,1732.22,3,4,4,Loyal Customers
15129,50,23,6860.18,4,5,5,Champions
15130,170,1,330.11,3,1,2,Others
15131,395,1,80.28,2,1,1,Lost
15132,18,5,977.93,5,4,3,Loyal Customers
15133,128,5,1806.9,3,4,4,Loyal Customers
15134,15,10,1596.29,5,4,4,Champions
15135,233,3,293.78,2,3,2,At Risk
15136,3,5,1282.45,5,4,4,Champions
15137,521,5,747.55,1,4,3,At Risk
15138,385,2,486.59,2,2,2,Lost
15139,240,2,178.96,2,2,1,Lost
15140,52,9,3239.44,4,4,5,Champions
15141,458,9,1378.31,1,4,4,At Risk
15142,46,7,2608.97,4,4,4,Champions
15143,226,2,563.63,2,2,2,Lost
15144,8,33,12006.51,5,5,5,Champions
15145,4,4,1194.73,5,3,4,Loyal Customers
15146,165,3,1313.66,3,3,4,Loyal Customers
15147,219,2,608.65,2,2,3,Cannot Lose Them
15148,11,1,301.29,5,1,2,New Promising
15149,134,5,1554.61,3,4,4,Loyal Customers
15150,17,14,8967.44,5,5,5,Champions
15151,423,2,2085.61,1,2,4,Cannot Lose Them
15152,10,18,5197.97,5,5,5,Champions
15153,31,1,329.25,4,1,2,New Promising
15154,74,4,1314.17,3,3,4,Loyal Customers
15155,383,1,383.97,2,1,2,Lost
15156,1,3,961.49,5,3,3,Loyal Customers
15157,4,7,2587.54,5,4,4,Champions
15158,45,3,437.66,4,3,2,Others
15159,2,38,22049.4,5,5,5,Champions
15160,357,4,589.27,2,3,2,At Risk
15161,388,1,119.92,2,1,1,Lost
15162,729,2,241.5,1,2,1,Lost
15163,18,2,304.47,5,2,2,New Promising
15164,69,10,2011.21,3,4,4,Loyal Customers
15165,373,1,487.75,2,1,2,Lost
15166,468,1,167.16,1,1,1,Lost
15167,321,5,1627.62,2,4,4,At Risk
15168,26,1,106.56,4,1,1,New Promising
15169,382,2,569.22,2,2,2,Lost
15170,407,1,81.15,2,1,1,Lost
15171,325,2,1034.5,2,2,3,Cannot Lose Them
15172,9,5,1624.05,5,4,4,Champions
15173,381,8,1399.26,2,4,4,At Risk
15174,323,2,481.46,2,2,2,Lost
15175,72,1,224.14,3,1,1,Others
15176,597,2,985.09,1,2,3,Cannot Lose Them
15177,426,1,948.93,1,1,3,Cannot Lose Them
15178,260,1,40.5,2,1,1,Lost
15179,18,17,7426.82,5,5,5,Champions
15180,367,3,816.93,2,3,3,At Risk
15181,66,8,953.4,3,4,3,Loyal Customers
15182,154,14,2942.75,3,5,5,Loyal Customers
15183,548,4,637.03,1,3,3,At Risk
15184,29,4,685.39,4,3,3,Loyal Customers
15185,70,1,310.62,3,1,2,Others
15186,14,5,1403.2,5,4,4,Champions
15187,2,18,4670.08,5,5,5,Champions
15188,725,1,310.43,1,1,2,Lost
15189,1,58,17101.13,5,5,5,Champions
15190,434,1,834.44,1,1,3,Cannot Lose Them
15191,463,3,588.05,1,3,2,At Risk
15192,120,5,1666.39,3,4,4,Loyal Customers
15193,61,1,499.32,3,1,2,Others
15194,3,39,11781.52,5,5,5,Champions
15195,3,1,3861.0,5,1,5,New Promising
15196,433,2,313.7,1,2,2,Lost
15197,9,10,1427.84,5,4,4,Champions
15198,92,6,559.45,3,4,2,Others
15199,59,10,3122.4,3,4,5,Loyal Customers
15200,495,1,549.05,1,1,2,Lost
15201,79,14,1525.9,3,5,4,Loyal Customers
15203,26,15,4400.18,4,5,5,Champions
15204,357,1,316.58,2,1,2,Lost
15205,85,3,648.83,3,3,3,Loyal Customers
15206,10,4,420.3,5,3,2,Others
15207,410,5,653.77,1,4,3,At Risk
15208,1,7,968.02,5,4,3,Loyal Customers
15209,730,1,178.98,1,1,1,Lost
15210,225,3,1176.19,2,3,3,At Risk
15211,60,2,894.41,3,2,3,Others
15212,239,3,195.43,2,3,1,At Risk
15213,319,3,325.05,2,3,2,At Risk
15214,2,8,1661.44,5,4,4,Champions
15215,45,11,1496.46,4,5,4,Champions
15216,88,2,486.09,3,2,2,Others
15217,563,1,426.24,1,1,2,Lost
15218,11,25,11408.26,5,5,5,Champions
15219,176,2,685.45,3,2,3,Others
15220,52,7,1758.92,4,4,4,Champions
15221,366,7,1702.0,2,4,4,At Risk
15222,319,17,3415.66,2,5,5,At Risk
15223,226,6,1117.1,2,4,3,At Risk
15224,358,8,837.26,2,4,3,At Risk
15225,234,1,409.4,2,1,2,Lost
15226,311,1,154.41,2,1,1,Lost
15227,37,9,2488.49,4,4,4,Champions
15228,66,7,5570.52,3,4,5,Loyal Customers
15229,586,1,160.5,1,1,1,Lost
15230,239,2,429.6,2,2,2,Lost
15231,596,2,228.36,1,2,1,Lost
15232,113,2,612.06,3,2,3,Others
15233,401,1,59.4,2,1,1,Lost
15234,277,1,197.0,2,1,1,Lost
15235,218,16,2772.76,2,5,4,At Risk
15236,299,1,321.05,2,1,2,Lost
15237,2,4,1412.32,5,3,4,Loyal Customers
15238,29,5,1056.54,4,4,3,Loyal Customers
15239,10,3,764.34,5,3,3,Loyal Customers
15240,45,20,4320.45,4,5,5,Champions
15241,67,12,3032.31,3,5,5,Loyal Customers
15242,422,1,302.04,1,1,2,Lost
15243,74,2,927.28,3,2,3,Others
15244,65,4,850.18,3,3,3,Loyal Customers
15245,134,8,4610.84,3,4,5,Loyal Customers
15246,238,3,780.4,2,3,3,At Risk
15247,122,4,967.11,3,3,3,Loyal Customers
15248,411,4,1865.03,1,3,4,At Risk
15249,32,21,9147.15,4,5,5,Champions
15250,641,1,60.0,1,1,1,Lost
15251,9,31,20095.6,5,5,5,Champions
15252,36,7,2053.06,4,4,4,Champions
15253,16,12,2033.29,5,5,4,Champions
15254,127,4,1073.4,3,3,3,Loyal Customers
15255,67,11,3647.37,3,5,5,Loyal Customers
15256,149,2,170.4,3,2,1,Others
15257,281,3,600.9,2,3,3,At Risk
15258,169,2,623.16,3,2,3,Others
15259,513,4,1182.38,1,3,3,At Risk
15260,100,30,8677.88,3,5,5,Loyal Customers
15261,135,4,1508.0,3,3,4,Loyal Customers
15262,324,3,418.82,2,3,2,At Risk
15263,107,1,156.51,3,1,1,Others
15264,64,3,844.2,3,3,3,Loyal Customers
15265,151,4,3345.64,3,3,5,Loyal Customers
15266,338,6,841.7,2,4,3,At Risk
15267,22,5,1717.36,4,4,4,Champions
15268,479,4,941.25,1,3,3,At Risk
15269,24,3,1225.36,4,3,4,Loyal Customers
15270,16,31,7241.19,5,5,5,Champions
15271,7,26,4458.29,5,5,5,Champions
15272,57,6,2030.95,4,4,4,Champions
15273,600,1,228.96,1,1,1,Lost
15274,4,2,716.57,5,2,3,New Promising
15275,31,2,609.19,4,2,3,New Promising
15276,66,5,601.3,3,4,3,Loyal Customers
15277,47,2,476.34,4,2,2,New Promising
15278,562,4,496.16,1,3,2,At Risk
15279,355,7,1554.84,2,4,4,At Risk
15280,172,3,397.52,3,3,2,Others
15281,59,22,8317.62,3,5,5,Loyal Customers
15282,570,1,348.59,1,1,2,Lost
15283,390,4,135.43,2,3,1,At Risk
15284,500,1,24.75,1,1,1,Lost
15285,408,1,94.92,1,1,1,Lost
15286,50,1,240.55,4,1,1,New Promising
15287,22,6,854.58,4,4,3,Loyal Customers
15288,43,10,3715.38,4,4,5,Champions
15289,29,7,1570.71,4,4,4,Champions
15290,5,30,10355.58,5,5,5,Champions
15291,26,53,13122.44,4,5,5,Champions
15292,201,1,178.39,2,1,1,Lost
15293,666,1,247.5,1,1,1,Lost
15294,400,2,222.3,2,2,1,Lost
15295,654,1,207.04,1,1,1,Lost
15296,44,20,10204.13,4,5,5,Champions
15297,10,4,635.04,5,3,3,Loyal Customers
15298,2,29,7958.43,5,5,5,Champions
15299,67,15,5408.61,3,5,5,Loyal Customers
15300,64,1,496.44,3,1,2,Others
15301,51,19,6867.44,4,5,5,Champions
15302,722,2,291.05,1,2,2,Lost
15303,290,4,1178.78,2,3,3,At Risk
15304,61,11,782.3,3,5,3,Loyal Customers
15305,555,1,93.6,1,1,1,Lost
15306,64,10,3480.98,3,4,5,Loyal Customers
15307,96,1,205.3,3,1,1,Others
15308,271,2,302.27,2,2,2,Lost
15309,611,10,715.53,1,4,3,At Risk
15310,479,1,1634.64,1,1,4,Cannot Lose Them
15311,1,270,111739.36,5,5,5,Champions
15312,75,14,2916.49,3,5,5,Loyal Customers
15313,110,1,52.0,3,1,1,Others
15314,199,4,800.65,2,3,3,At Risk
15315,64,3,551.54,3,3,2,Others
15316,327,1,165.0,2,1,1,Lost
15317,677,2,112.05,1,2,1,Lost
15318,4,1,312.62,5,1,2,New Promising
15319,284,1,204.5,2,1,1,Lost
15320,44,1,267.13,4,1,1,New Promising
15321,49,18,6573.4,4,5,5,Champions
15322,64,3,1314.15,3,3,4,Loyal Customers
15323,533,4,320.9,1,3,2,At Risk
15324,701,1,140.22,1,1,1,Lost
15325,104,9,1596.26,3,4,4,Loyal Customers
15326,334,10,1529.82,2,4,4,At Risk
15327,53,1,208.75,4,1,1,New Promising
15328,408,1,107.24,1,1,1,Lost
15329,35,20,2735.18,4,5,4,Champions
15330,32,2,714.96,4,2,3,New Promising
15331,500,4,755.41,1,3,3,At Risk
15332,366,6,4892.68,2,4,5,At Risk
15333,208,1,1028.56,2,1,3,Cannot Lose Them
15334,157,3,350.82,3,3,2,Others
15335,54,1,170.22,4,1,1,New Promising
15336,402,1,240.5,2,1,1,Lost
15337,403,2,344.72,2,2,2,Lost
15338,677,1,277.93,1,1,2,Lost
15339,66,11,1627.27,3,5,4,Loyal Customers
15340,562,1,105.5,1,1,1,Lost
15341,81,3,2401.02,3,3,4,Loyal Customers
15342,116,2,391.76,3,2,2,Others
15343,87,1,364.5,3,1,2,Others
15344,1,5,476.58,5,4,2,Others
15345,35,2,367.69,4,2,2,New Promising
15346,333,4,591.65,2,3,2,At Risk
15347,366,6,1132.3,2,4,3,At Risk
15348,72,1,158.04,3,1,1,Others
15349,158,2,463.91,3,2,2,Others
15350,373,2,547.6,2,2,2,Lost
15351,12,15,3320.5,5,5,5,Champions
15352,549,1,111.15,1,1,1,Lost
15353,255,8,2772.57,2,4,4,At Risk
15355,29,2,277.05,4,2,2,New Promising
15356,31,13,3239.57,4,5,5,Champions
15358,5,55,16213.65,5,5,5,Champions
15359,555,9,162.6,1,4,1,At Risk
15360,40,1,427.93,4,1,2,New Promising
15361,362,4,689.07,2,3,3,At Risk
15362,449,2,613.08,1,2,3,Cannot Lose Them
15363,241,3,670.16,2,3,3,At Risk
15364,96,2,913.19,3,2,3,Others
15365,26,15,3573.26,4,5,5,Champions
15366,75,7,2389.08,3,4,4,Loyal Customers
15367,57,13,5005.73,4,5,5,Champions
15368,21,2,722.74,4,2,3,New Promising
15369,144,13,1713.39,3,5,4,Loyal Customers
15370,41,9,3713.51,4,4,5,Champions
15371,662,1,59.4,1,1,1,Lost
15372,137,10,5954.42,3,4,5,Loyal Customers
15373,8,18,2881.74,5,5,5,Champions
15374,129,2,307.32,3,2,2,Others
15375,690,1,60.96,1,1,1,Lost
15376,40,3,1221.56,4,3,4,Loyal Customers
15377,383,5,1179.95,2,4,3,At Risk
15378,463,2,246.5,1,2,1,Lost
15379,169,9,4806.44,3,4,5,Loyal Customers
15380,9,13,3192.1,5,5,5,Champions
15381,214,6,1887.62,2,4,4,At Risk
15382,15,20,13646.5,5,5,5,Champions
15384,170,5,2021.14,3,4,4,Loyal Customers
15385,40,3,942.08,4,3,3,Loyal Customers
15386,186,1,394.14,2,1,2,Lost
15387,492,1,468.65,1,1,2,Lost
15388,270,1,140.54,2,1,1,Lost
15389,172,5,2733.8,3,4,4,Loyal Customers
15390,396,2,1216.66,2,2,4,Cannot Lose Them
15391,571,2,282.92,1,2,2,Lost
15392,5,8,2891.82,5,4,5,Champions
15393,16,5,891.34,5,4,3,Loyal Customers
15394,10,13,5251.4,5,5,5,Champions
15395,326,1,107.45,2,1,1,Lost
15396,113,2,796.38,3,2,3,Others
15397,290,1,94.0,2,1,1,Lost
15398,16,3,1339.63,5,3,4,Loyal Customers
15399,1,3,815.77,5,3,3,Loyal Customers
15400,92,9,1252.8,3,4,4,Loyal Customers
15401,452,2,216.95,1,2,1,Lost
15402,149,7,1816.64,3,4,4,Loyal Customers
15403,492,2,170.88,1,2,1,Lost
15404,376,1,257.06,2,1,1,Lost
15405,189,2,659.84,2,2,3,Cannot Lose Them
15406,18,6,891.77,5,4,3,Loyal Customers
15407,34,4,1046.74,4,3,3,Loyal Customers
15408,264,1,267.18,2,1,1,Lost
15409,702,2,117.2,1,2,1,Lost
15410,84,10,4685.72,3,4,5,Loyal Customers
15411,26,5,1336.43,4,4,4,Champions
15412,171,1,190.53,3,1,1,Others
15414,10,3,774.9,5,3,3,Loyal Customers
15415,313,1,559.61,2,1,2,Lost
15416,65,9,4554.65,3,4,5,Loyal Customers
15417,85,1,508.8,3,1,2,Others
15418,425,2,449.42,1,2,2,Lost
15419,25,1,135.86,4,1,1,New Promising
15420,434,6,743.0,1,4,3,At Risk
15421,59,10,3805.34,3,4,5,Loyal Customers
15422,323,8,1615.02,2,4,4,At Risk
15423,38,4,219.14,4,3,1,Others
15424,254,3,597.78,2,3,3,At Risk
15425,400,4,1941.12,2,3,4,At Risk
15426,19,11,2138.86,4,5,4,Champions
15427,33,3,1430.54,4,3,4,Loyal Customers
15428,15,4,762.75,5,3,3,Loyal Customers
15429,27,3,364.9,4,3,2,Others
15430,468,3,903.75,1,3,3,At Risk
15431,503,1,153.24,1,1,1,Lost
15432,23,4,301.26,4,3,2,Others
15433,79,3,417.87,3,3,2,Others
15434,8,13,2517.11,5,5,4,Champions
15435,22,1,149.29,4,1,1,New Promising
15436,12,3,1067.75,5,3,3,Loyal Customers
15437,262,2,393.45,2,2,2,Lost
15438,131,1,156.58,3,1,1,Others
15439,405,4,1269.05,2,3,4,At Risk
15440,55,3,383.68,4,3,2,Others
15441,396,3,1254.21,2,3,4,At Risk
15442,249,1,594.0,2,1,2,Lost
15443,2,16,5054.44,5,5,5,Champions
15444,9,2,1411.21,5,2,4,New Promising
15445,264,2,284.5,2,2,2,Lost
15446,377,5,391.65,2,4,2,At Risk
15447,331,6,484.93,2,4,2,At Risk
15448,313,2,788.81,2,2,3,Cannot Lose Them
15449,26,5,971.22,4,4,3,Loyal Customers
15450,30,1,429.84,4,1,2,New Promising
15451,434,2,226.86,1,2,1,Lost
15452,30,6,1785.11,4,4,4,Champions
15453,2,7,1371.77,5,4,4,Champions
15454,362,2,305.99,2,2,2,Lost
15455,598,1,38.25,1,1,1,Lost
15456,283,10,2091.52,2,5,4,At Risk
15457,262,1,237.07,2,1,1,Lost
15458,25,2,370.44,4,2,2,New Promising
15459,417,2,202.83,1,2,1,Lost
15460,354,1,214.26,2,1,1,Lost
15461,461,3,391.3,1,3,2,At Risk
15462,94,4,737.05,3,3,3,Loyal Customers
15463,29,1,126.14,4,1,1,New Promising
15464,338,1,1044.65,2,1,3,Cannot Lose Them
15465,20,39,11670.9,4,5,5,Champions
15466,85,4,1560.46,3,3,4,Loyal Customers
15467,9,4,511.88,5,3,2,Others
15468,35,7,1387.48,4,4,4,Champions
15469,43,6,834.4,4,4,3,Loyal Customers
15470,576,1,63.42,1,1,1,Lost
15471,2,3,1292.01,5,3,4,Loyal Customers
15472,113,1,371.56,3,1,2,Others
15473,14,11,1740.0,5,5,4,Champions
15474,596,1,150.35,1,1,1,Lost
15475,77,1,454.11,3,1,2,Others
15476,380,5,2180.28,2,4,4,At Risk
15477,650,1,368.4,1,1,2,Lost
15478,40,3,1983.48,4,3,4,Loyal Customers
15479,733,1,147.4,1,1,1,Lost
15480,116,7,3592.25,3,4,5,Loyal Customers
15481,401,1,1993.34,2,1,4,Cannot Lose Them
15482,16,24,7932.63,5,5,5,Champions
15483,161,10,817.82,3,5,3,Loyal Customers
15484,1,7,4620.9,5,4,5,Champions
15485,30,8,4663.92,4,4,5,Champions
15486,527,1,102.0,1,1,1,Lost
15487,680,1,231.32,1,1,1,Lost
15488,93,5,431.92,3,4,2,Others
15489,23,12,2327.36,4,5,4,Champions
15490,430,2,181.35,1,2,1,Lost
15491,95,7,3090.85,3,4,5,Loyal Customers
15492,28,2,659.46,4,2,3,New Promising
15493,33,11,4087.13,4,5,5,Champions
15494,21,6,3693.5,4,4,5,Champions
15495,379,1,246.5,2,1,1,Lost
15496,631,1,146.14,1,1,1,Lost
15497,18,11,8643.46,5,5,5,Champions
15498,1,55,23075.09,5,5,5,Champions
15499,724,1,158.65,1,1,1,Lost
15500,8,4,1131.56,5,3,3,Loyal Customers
15501,405,2,399.95,2,2,2,Lost
15502,16,27,8069.33,5,5,5,Champions
15503,363,2,257.3,2,2,1,Lost
15504,81,5,392.75,3,4,2,Others
15505,53,7,3497.14,4,4,5,Champions
15506,23,6,2030.33,4,4,4,Champions
15507,172,1,475.86,3,1,2,Others
15508,189,6,1000.27,2,4,3,At Risk
15509,380,1,152.41,2,1,1,Lost
15510,331,1,250.0,2,1,1,Lost
15511,12,5,900.53,5,4,3,Loyal Customers
15512,156,4,331.58,3,3,2,Others
15513,31,41,25950.95,4,5,5,Champions
15514,12,20,5275.79,5,5,5,Champions
15515,387,1,171.81,2,1,1,Lost
15516,45,3,62.43,4,3,1,Others
15517,233,1,267.03,2,1,1,Lost
15518,64,23,4074.83,3,5,5,Loyal Customers
15519,383,2,344.61,2,2,2,Lost
15520,2,1,343.5,5,1,2,New Promising
15521,36,24,6665.99,4,5,5,Champions
15522,33,2,397.99,4,2,2,New Promising
15523,84,18,17119.24,3,5,5,Loyal Customers
15524,25,2,591.4,4,2,2,New Promising
15525,2,5,875.32,5,4,3,Loyal Customers
15526,33,2,148.44,4,2,1,New Promising
15527,19,31,5021.03,4,5,5,Champions
15528,254,1,229.33,2,1,1,Lost
15529,23,13,4756.21,4,5,5,Champions
15530,22,5,1808.68,4,4,4,Champions
15531,8,2,1972.39,5,2,4,New Promising
15532,25,12,3675.0,4,5,5,Champions
15533,19,5,746.92,4,4,3,Loyal Customers
15534,726,1,162.25,1,1,1,Lost
15535,173,10,955.12,3,5,3,Loyal Customers
15536,409,1,259.09,1,1,1,Lost
15537,163,1,110.92,3,1,1,Others
15538,538,11,3036.1,1,5,5,At Risk
15539,7,1,538.46,5,1,2,New Promising
15540,11,2,460.68,5,2,2,New Promising
15541,114,1,85.13,3,1,1,Others
15542,512,4,833.16,1,3,3,At Risk
15543,288,2,242.26,2,2,1,Lost
15544,9,26,7779.58,5,5,5,Champions
15545,54,2,288.97,4,2,2,New Promising
15546,607,3,539.55,1,3,2,At Risk
15547,7,28,10043.55,5,5,5,Champions
15548,596,1,158.09,1,1,1,Lost
15549,77,9,2296.66,3,4,4,Loyal Customers
15550,4,14,1987.85,5,5,4,Champions
15551,37,9,1629.01,4,4,4,Champions
15552,217,2,252.52,2,2,1,Lost
15553,60,1,428.93,3,1,2,Others
15554,278,1,217.2,2,1,1,Lost
15555,12,46,10875.64,5,5,5,Champions
15556,24,1,279.77,4,1,2,New Promising
15557,29,1,468.91,4,1,2,New Promising
15558,639,2,131.88,1,2,1,Lost
15559,568,1,1109.4,1,1,3,Cannot Lose Them
15560,398,2,153.52,2,2,1,Lost
15561,12,9,1856.54,5,4,4,Champions
15562,352,3,671.43,2,3,3,At Risk
15563,9,11,2773.67,5,5,4,Champions
15564,463,2,70.74,1,2,1,Lost
15565,50,2,173.16,4,2,1,New Promising
15566,393,2,227.87,2,2,1,Lost
15567,19,1,186.01,4,1,1,New Promising
15568,3,3,758.29,5,3,3,Loyal Customers
15569,104,10,3583.45,3,5,5,Loyal Customers
15570,7,27,8672.44,5,5,5,Champions
15571,12,14,3892.35,5,5,5,Champions
15572,5,10,3965.2,5,5,5,Champions
15573,32,5,1188.42,4,4,3,Loyal Customers
15574,178,7,1059.44,3,4,3,Loyal Customers
15575,620,1,30.1,1,1,1,Lost
15576,38,1,921.37,4,1,3,New Promising
15577,151,5,396.03,3,4,2,Others
15578,162,1,127.1,3,1,1,Others
15579,69,7,1215.38,3,4,4,Loyal Customers
15580,377,14,1216.15,2,5,4,At Risk
15581,121,43,5486.79,3,5,5,Loyal Customers
15582,25,3,682.91,4,3,3,Loyal Customers
15583,376,1,95.96,2,1,1,Lost
15584,24,7,1265.7,4,4,4,Champions
15585,177,1,455.3,3,1,2,Others
15586,591,4,1128.66,1,3,3,At Risk
15587,50,7,1522.08,4,4,4,Champions
15588,678,1,579.6,1,1,2,Lost
15589,253,4,456.58,2,3,2,At Risk
15590,289,6,1466.41,2,4,4,At Risk
15591,583,3,217.9,1,3,1,At Risk
15592,47,1,388.58,4,1,2,New Promising
15593,71,1,199.8,3,1,1,Others
15594,16,6,1767.53,5,4,4,Champions
15595,488,1,357.6,1,1,2,Lost
15596,101,16,2621.27,3,5,4,Loyal Customers
15597,30,3,554.52,4,3,2,Others
15598,35,4,543.02,4,3,2,Others
15599,27,3,1250.06,4,3,4,Loyal Customers
15600,428,5,1178.71,1,4,3,At Risk
15601,11,35,14150.84,5,5,5,Champions
15602,8,25,2883.42,5,5,5,Champions
15603,79,3,74.73,3,3,1,Others
15604,52,1,216.39,4,1,1,New Promising
15605,36,10,1738.55,4,5,4,Champions
15606,57,19,4733.47,4,5,5,Champions
15607,337,13,1578.57,2,5,4,At Risk
15608,28,5,1785.98,4,4,4,Champions
15609,183,2,270.03,3,2,1,Others
15610,52,1,112.46,4,1,1,New Promising
15611,10,32,2858.37,5,5,5,Champions
15612,36,2,195.15,4,2,1,New Promising
15613,610,1,433.72,1,1,2,Lost
15614,428,7,3008.86,1,4,5,At Risk
15615,10,54,21282.07,5,5,5,Champions
15616,438,1,317.11,1,1,2,Lost
15617,396,3,828.55,2,3,3,At Risk
15618,33,5,747.03,4,4,3,Loyal Customers
15619,11,1,336.4,5,1,2,New Promising
15620,50,8,1909.93,4,4,4,Champions
15621,4,6,1158.77,5,4,3,Loyal Customers
15622,3,30,7318.08,5,5,5,Champions
15623,141,8,2437.05,3,4,4,Loyal Customers
15624,117,4,588.13,3,3,2,Others
15625,100,14,3203.25,3,5,5,Loyal Customers
15626,75,4,1049.37,3,3,3,Loyal Customers
15627,457,2,566.9,1,2,2,Lost
15628,5,21,5284.18,5,5,5,Champions
15629,450,4,2240.9,1,3,4,At Risk
15630,45,4,1475.45,4,3,4,Loyal Customers
15631,642,1,596.67,1,1,3,Cannot Lose Them
15632,16,10,3147.31,5,5,5,Champions
15633,509,18,4156.91,1,5,5,At Risk
15634,17,2,554.65,5,2,2,New Promising
15635,396,1,100.35,2,1,1,Lost
15636,90,4,1444.58,3,3,4,Loyal Customers
15637,53,5,797.59,4,4,3,Loyal Customers
15638,301,9,2137.2,2,4,4,At Risk
15639,134,5,1028.33,3,4,3,Loyal Customers
15640,4,34,23375.09,5,5,5,Champions
15641,105,12,5345.55,3,5,5,Loyal Customers
15642,730,1,105.78,1,1,1,Lost
15643,179,6,647.4,3,4,3,Loyal Customers
15644,166,4,803.54,3,3,3,Loyal Customers
15645,19,4,1042.57,4,3,3,Loyal Customers
15646,158,6,762.31,3,4,3,Loyal Customers
15647,415,1,169.0,1,1,1,Lost
15648,204,4,582.05,2,3,2,At Risk
15649,336,4,1660.35,2,3,4,At Risk
15650,515,3,539.03,1,3,2,At Risk
15651,37,5,1259.06,4,4,4,Champions
15652,91,6,1397.44,3,4,4,Loyal Customers
15653,93,2,877.44,3,2,3,Others
15654,9,2,922.53,5,2,3,New Promising
15655,233,2,511.32,2,2,2,Lost
15656,45,4,748.5,4,3,3,Loyal Customers
15657,23,1,30.0,4,1,1,New Promising
15658,190,13,1964.14,2,5,4,At Risk
15659,44,3,532.49,4,3,2,Others
15660,25,18,2554.84,4,5,4,Champions
15661,317,8,1215.95,2,4,4,At Risk
15662,661,2,283.73,1,2,2,Lost
15663,106,1,138.14,3,1,1,Others
15664,51,7,1212.35,4,4,4,Champions
15665,168,5,3987.07,3,4,5,Loyal Customers
15666,472,2,632.94,1,2,3,Cannot Lose Them
15667,40,1,301.32,4,1,2,New Promising
15668,218,1,76.32,2,1,1,Lost
15669,40,5,677.69,4,4,3,Loyal Customers
15670,297,3,315.2,2,3,2,At Risk
15671,19,10,2635.49,4,5,4,Champions
15672,725,1,45.3,1,1,1,Lost
15673,88,10,6199.37,3,5,5,Loyal Customers
15674,73,18,6217.85,3,5,5,Loyal Customers
15675,81,4,542.04,3,3,2,Others
15676,9,5,3324.09,5,4,5,Champions
15677,49,3,1305.63,4,3,4,Loyal Customers
15678,53,3,1825.94,4,3,4,Loyal Customers
15679,24,4,781.28,4,3,3,Loyal Customers
15680,9,12,3985.59,5,5,5,Champions
15681,18,16,2480.2,5,5,4,Champions
15682,599,3,316.99,1,3,2,At Risk
15683,117,2,524.54,3,2,2,Others
15684,547,6,147.8,1,4,1,At Risk
15685,450,1,55.98,1,1,1,Lost
15686,420,1,90.0,1,1,1,Lost
15687,9,11,2981.5,5,5,5,Champions
15688,419,1,190.57,1,1,1,Lost
15689,120,3,521.03,3,3,2,Others
15690,4,2,239.76,5,2,1,New Promising
15691,252,5,511.8,2,4,2,At Risk
15692,28,1,191.04,4,1,1,New Promising
15693,659,1,37.5,1,1,1,Lost
15694,1,29,9734.13,5,5,5,Champions
15695,267,4,1131.04,2,3,3,At Risk
15696,33,21,3732.12,4,5,5,Champions
15697,690,1,246.75,1,1,1,Lost
15698,624,1,46.2,1,1,1,Lost
15699,18,1,309.65,5,1,2,New Promising
15700,172,3,664.03,3,3,3,Loyal Customers
15701,2,4,1529.0,5,3,4,Loyal Customers
15702,476,2,140.39,1,2,1,Lost
15703,265,1,211.5,2,1,1,Lost
15704,140,8,3660.88,3,4,5,Loyal Customers
15705,201,1,143.1,2,1,1,Lost
15706,60,7,1001.81,3,4,3,Loyal Customers
15707,35,4,916.98,4,3,3,Loyal Customers
15708,41,14,3840.73,4,5,5,Champions
15709,284,2,327.85,2,2,2,Lost
15710,417,1,898.87,1,1,3,Cannot Lose Them
15711,557,2,420.25,1,2,2,Lost
15712,9,13,3467.46,5,5,5,Champions
15713,143,6,814.84,3,4,3,Loyal Customers
15714,12,5,783.96,5,4,3,Loyal Customers
15715,556,5,658.02,1,4,3,At Risk
15716,146,11,2485.26,3,5,4,Loyal Customers
15717,234,5,607.0,2,4,3,At Risk
15718,540,1,293.79,1,1,2,Lost
15719,33,39,10118.87,4,5,5,Champions
15720,24,2,739.22,4,2,3,New Promising
15721,12,1,471.4,5,1,2,New Promising
15722,36,15,5095.95,4,5,5,Champions
15723,365,4,930.7,2,3,3,At Risk
15724,201,5,299.8,2,4,2,At Risk
15725,15,1,415.25,5,1,2,New Promising
15726,390,1,321.91,2,1,2,Lost
15727,17,15,9371.71,5,5,5,Champions
15728,49,3,409.8,4,3,2,Others
15729,198,5,154.7,2,4,1,At Risk
15730,66,7,1708.18,3,4,4,Loyal Customers
15731,554,1,125.3,1,1,1,Lost
15732,212,12,1499.42,2,5,4,At Risk
15733,283,1,162.3,2,1,1,Lost
15734,115,4,2263.3,3,3,4,Loyal Customers
15735,421,1,327.68,1,1,2,Lost
15736,430,3,1668.67,1,3,4,At Risk
15737,15,12,1121.21,5,5,3,Loyal Customers
15738,19,45,13015.42,4,5,5,Champions
15739,66,1,449.12,3,1,2,Others
15740,49,1,154.88,4,1,1,New Promising
15741,458,2,208.62,1,2,1,Lost
15742,619,1,156.87,1,1,1,Lost
15743,16,4,775.96,5,3,3,Loyal Customers
15744,78,1,34.8,3,1,1,Others
15745,9,6,1071.24,5,4,3,Loyal Customers
15746,134,2,182.96,3,2,1,Others
15747,13,10,2497.86,5,5,4,Champions
15748,40,3,609.81,4,3,3,Loyal Customers
15749,235,4,21535.9,2,3,5,At Risk
15750,3,24,6362.6,5,5,5,Champions
15751,461,14,1318.84,1,5,4,At Risk
15752,40,10,3916.46,4,5,5,Champions
15753,305,1,79.2,2,1,1,Lost
15754,51,12,3001.86,4,5,5,Champions
15755,1,20,5936.95,5,5,5,Champions
15756,61,4,528.01,3,3,2,Others
15757,66,6,2940.36,3,4,5,Loyal Customers
15758,25,1,205.25,4,1,1,New Promising
15759,218,10,810.98,2,5,3,At Risk
15761,443,1,143.05,1,1,1,Lost
15762,65,2,583.75,3,2,2,Others
15763,32,3,1048.67,4,3,3,Loyal Customers
15764,81,14,4453.28,3,5,5,Loyal Customers
15765,667,1,370.63,1,1,2,Lost
15766,64,4,799.66,3,3,3,Loyal Customers
15768,116,36,15267.26,3,5,5,Loyal Customers
15769,7,51,84177.58,5,5,5,Champions
15770,613,1,321.45,1,1,2,Lost
15771,604,3,1006.54,1,3,3,At Risk
15772,418,1,280.88,1,1,2,Lost
15773,6,2,774.52,5,2,3,New Promising
15774,69,7,1282.6,3,4,4,Loyal Customers
15775,245,2,150.5,2,2,1,Lost
15776,133,1,241.62,3,1,1,Others
15777,241,9,1732.16,2,4,4,At Risk
15778,431,1,307.95,1,1,2,Lost
15779,463,2,124.08,1,2,1,Lost
15780,184,3,475.28,2,3,2,At Risk
15781,25,4,333.56,4,3,2,Others
15782,10,6,3985.65,5,4,5,Champions
15783,11,1,246.3,5,1,1,New Promising
15784,468,2,848.33,1,2,3,Cannot Lose Them
15785,30,26,5825.33,4,5,5,Champions
15786,44,9,8379.65,4,4,5,Champions
15787,26,3,933.26,4,3,3,Loyal Customers
15788,501,2,215.53,1,2,1,Lost
15789,358,7,1932.01,2,4,4,At Risk
15790,10,1,218.75,5,1,1,New Promising
15791,44,9,3541.79,4,4,5,Champions
15792,400,2,933.84,2,2,3,Cannot Lose Them
15793,9,9,2382.92,5,4,4,Champions
15794,736,2,777.0,1,2,3,Cannot Lose Them
15795,150,8,1979.87,3,4,4,Loyal Customers
15796,1,22,5015.75,5,5,5,Champions
15797,113,6,2821.08,3,4,4,Loyal Customers
15798,493,3,1535.37,1,3,4,At Risk
15799,76,4,1421.34,3,3,4,Loyal Customers
15800,107,7,1227.07,3,4,4,Loyal Customers
15801,46,4,1042.19,4,3,3,Loyal Customers
15803,51,4,1929.66,4,3,4,Loyal Customers
15804,1,19,3848.55,5,5,5,Champions
15805,23,40,9668.62,4,5,5,Champions
15806,46,3,784.58,4,3,3,Loyal Customers
15807,50,6,1807.57,4,4,4,Champions
15808,306,24,17038.95,2,5,5,At Risk
15809,36,9,862.88,4,4,3,Loyal Customers
15810,79,13,2724.8,3,5,4,Loyal Customers
15811,17,10,3438.85,5,5,5,Champions
15812,107,13,5186.17,3,5,5,Loyal Customers
15813,208,2,1303.91,2,2,4,Cannot Lose Them
15814,3,8,2531.84,5,4,4,Champions
15815,64,5,2100.6,3,4,4,Loyal Customers
15816,542,3,93.3,1,3,1,At Risk
15817,421,3,2766.4,1,3,4,At Risk
15818,588,1,340.5,1,1,2,Lost
15819,49,11,3911.28,4,5,5,Champions
15820,320,1,206.98,2,1,1,Lost
15821,44,2,570.96,4,2,2,New Promising
15822,3,8,1777.91,5,4,4,Champions
15823,337,6,3018.86,2,4,5,At Risk
15824,453,2,890.94,1,2,3,Cannot Lose Them
15825,172,1,532.94,3,1,2,Others
15826,51,6,2583.13,4,4,4,Champions
15827,73,42,3240.03,3,5,5,Loyal Customers
15828,375,1,1108.82,2,1,3,Cannot Lose Them
15829,99,2,636.14,3,2,3,Others
15830,29,2,547.7,4,2,2,New Promising
15831,58,4,740.64,3,3,3,Loyal Customers
15832,254,1,836.79,2,1,3,Cannot Lose Them
15833,738,1,80.4,1,1,1,Lost
15834,70,9,3615.54,3,4,5,Loyal Customers
15835,44,4,954.09,4,3,3,Loyal Customers
15836,45,2,117.47,4,2,1,New Promising
15837,65,2,777.01,3,2,3,Others
15838,11,38,72727.41,5,5,5,Champions
15839,25,5,1020.74,4,4,3,Loyal Customers
15840,59,3,345.66,3,3,2,Others
15841,64,12,2716.5,3,5,4,Loyal Customers
15842,388,3,528.75,2,3,2,At Risk
15843,304,1,118.95,2,1,1,Lost
15844,46,1,130.74,4,1,1,New Promising
15845,18,14,4273.65,5,5,5,Champions
15846,385,1,107.01,2,1,1,Lost
15847,38,5,822.57,4,4,3,Loyal Customers
15848,622,1,137.99,1,1,1,Lost
15850,19,6,1006.75,4,4,3,Loyal Customers
15851,527,1,109.73,1,1,1,Lost
15852,187,3,257.26,2,3,1,At Risk
15853,52,1,110.8,4,1,1,New Promising
15854,4,21,5578.28,5,5,5,Champions
15855,137,6,1052.72,3,4,3,Loyal Customers
15856,4,58,31873.05,5,5,5,Champions
15857,19,2,570.48,4,2,2,New Promising
15858,16,15,3509.91,5,5,5,Champions
15859,432,1,438.46,1,1,2,Lost
15860,41,17,2361.3,4,5,4,Champions
15861,12,15,4185.4,5,5,5,Champions
15862,8,13,2512.29,5,5,4,Champions
15863,26,5,355.1,4,4,2,Others
15864,22,9,2014.22,4,4,4,Champions
15865,41,5,2241.42,4,4,4,Champions
15866,101,1,211.89,3,1,1,Others
15867,5,35,8834.2,5,5,5,Champions
15868,583,1,94.53,1,1,1,Lost
15869,277,3,321.11,2,3,2,At Risk
15870,33,4,857.46,4,3,3,Loyal Customers
15871,437,1,33.1,1,1,1,Lost
15872,15,4,729.25,5,3,3,Loyal Customers
15873,493,5,138.24,1,4,1,At Risk
15874,63,25,11135.0,3,5,5,Loyal Customers
15875,646,1,108.52,1,1,1,Lost
15876,409,2,1449.14,1,2,4,Cannot Lose Them
15877,2,3,437.83,5,3,2,Others
15878,562,2,330.77,1,2,2,Lost
15879,404,4,1137.8,2,3,3,At Risk
15880,369,2,299.03,2,2,2,Lost
15881,312,8,438.24,2,4,2,At Risk
15882,199,10,1098.59,2,5,3,At Risk
15883,2,2,396.48,5,2,2,New Promising
15884,432,3,238.65,1,3,1,At Risk
15885,93,20,1737.57,3,5,4,Loyal Customers
15886,60,4,1052.87,3,3,3,Loyal Customers
15887,407,3,1027.15,2,3,3,At Risk
15888,80,4,402.12,3,3,2,Others
15889,157,9,1417.15,3,4,4,Loyal Customers
15890,395,5,535.65,2,4,2,At Risk
15891,227,1,511.68,2,1,2,Lost
15892,669,1,128.2,1,1,1,Lost
15893,482,1,305.28,1,1,2,Lost
15894,253,2,258.25,2,2,1,Lost
15895,150,1,179.17,3,1,1,Others
15897,194,2,208.59,2,2,1,Lost
15898,1,29,4934.5,5,5,5,Champions
15899,369,1,56.25,2,1,1,Lost
15900,24,5,876.67,4,4,3,Loyal Customers
15901,17,9,668.73,5,4,3,Loyal Customers
15902,380,1,145.01,2,1,1,Lost
15903,10,15,8859.82,5,5,5,Champions
15904,8,1,164.68,5,1,1,New Promising
15905,543,1,114.69,1,1,1,Lost
15906,20,12,2442.44,4,5,4,Champions
15907,4,3,882.72,5,3,3,Loyal Customers
15908,491,2,758.62,1,2,3,Cannot Lose Them
15909,174,1,191.94,3,1,1,Others
15910,1,15,2661.17,5,5,4,Champions
15911,448,10,1399.45,1,5,4,At Risk
15912,178,9,1074.7,3,4,3,Loyal Customers
15913,534,1,6.3,1,1,1,Lost
15914,378,2,205.99,2,2,1,Lost
15915,402,1,364.45,2,1,2,Lost
15916,16,17,3014.04,5,5,5,Champions
15917,248,5,530.17,2,4,2,At Risk
15918,191,3,582.88,2,3,2,At Risk
15919,20,2,525.69,4,2,2,New Promising
15920,154,9,569.14,3,4,2,Others
15921,173,4,775.26,3,3,3,Loyal Customers
15922,372,2,363.6,2,2,2,Lost
15923,373,1,127.08,2,1,1,Lost
15924,731,1,102.82,1,1,1,Lost
15925,194,1,207.15,2,1,1,Lost
15926,542,1,134.44,1,1,1,Lost
15927,647,1,106.54,1,1,1,Lost
15928,656,1,293.53,1,1,2,Lost
15929,644,1,594.0,1,1,2,Lost
15930,67,1,426.63,3,1,2,Others
15931,428,1,239.9,1,1,1,Lost
15932,4,11,2461.85,5,5,4,Champions
15933,21,3,1107.46,4,3,3,Loyal Customers
15934,418,2,2190.66,1,2,4,Cannot Lose Them
15935,239,3,108.04,2,3,1,At Risk
15936,379,2,282.79,2,2,2,Lost
15937,64,1,145.35,3,1,1,Others
15938,112,9,734.81,3,4,3,Loyal Customers
15939,90,17,9047.64,3,5,5,Loyal Customers
15941,513,2,230.6,1,2,1,Lost
15942,134,1,337.44,3,1,2,Others
15943,650,2,271.29,1,2,1,Lost
15944,277,4,2164.24,2,3,4,At Risk
15945,365,4,646.27,2,3,3,At Risk
15946,503,3,2304.18,1,3,4,At Risk
15947,83,1,1708.24,3,1,4,Others
15948,8,3,1509.09,5,3,4,Loyal Customers
15949,17,2,364.72,5,2,2,New Promising
15950,2,13,6878.71,5,5,5,Champions
15951,1,4,974.52,5,3,3,Loyal Customers
15952,34,4,781.91,4,3,3,Loyal Customers
15953,15,21,3295.49,5,5,5,Champions
15954,589,1,190.75,1,1,1,Lost
15955,24,25,8050.23,4,5,5,Champions
15956,551,2,617.6,1,2,3,Cannot Lose Them
15957,32,3,921.25,4,3,3,Loyal Customers
15958,74,4,462.12,3,3,2,Others
15959,682,3,542.89,1,3,2,At Risk
15960,374,5,394.0,2,4,2,At Risk
15961,379,1,451.29,2,1,2,Lost
15962,449,1,289.48,1,1,2,Lost
15963,20,2,470.76,4,2,2,New Promising
15964,663,1,269.21,1,1,1,Lost
15965,17,14,2758.19,5,5,4,Champions
15966,444,2,399.58,1,2,2,Lost
15967,23,13,2943.6,4,5,5,Champions
15968,388,1,404.55,2,1,2,Lost
15969,3,6,1043.85,5,4,3,Loyal Customers
15970,304,2,1017.32,2,2,3,Cannot Lose Them
15971,18,20,4930.43,5,5,5,Champions
15972,456,5,1769.33,1,4,4,At Risk
15973,236,5,472.57,2,4,2,At Risk
15974,39,8,3429.55,4,4,5,Champions
15975,84,1,371.01,3,1,2,Others
15976,165,6,1694.41,3,4,4,Loyal Customers
15977,17,2,1054.73,5,2,3,New Promising
15978,77,5,3272.62,3,4,5,Loyal Customers
15979,603,1,329.22,1,1,2,Lost
15980,89,9,6496.28,3,4,5,Loyal Customers
15981,25,27,9268.07,4,5,5,Champions
15982,605,1,324.51,1,1,2,Lost
15983,22,8,3110.37,4,4,5,Champions
15984,3,32,8304.82,5,5,5,Champions
15985,123,8,2610.28,3,4,4,Loyal Customers
15986,30,2,354.42,4,2,2,New Promising
15987,12,8,1535.99,5,4,4,Champions
15988,19,3,738.89,4,3,3,Loyal Customers
15989,376,2,368.31,2,2,2,Lost
15990,44,7,1997.75,4,4,4,Champions
15991,534,1,150.55,1,1,1,Lost
15992,4,3,896.6,5,3,3,Loyal Customers
15993,9,10,2736.92,5,5,4,Champions
15994,55,5,1172.34,4,4,3,Loyal Customers
15995,414,1,694.54,1,1,3,Cannot Lose Them
15996,88,8,1370.5,3,4,4,Loyal Customers
15998,37,21,8186.19,4,5,5,Champions
15999,736,1,20.4,1,1,1,Lost
16000,3,3,12393.7,5,3,5,Loyal Customers
16001,381,2,519.06,2,2,2,Lost
16002,625,1,169.21,1,1,1,Lost
16003,30,10,5613.83,4,5,5,Champions
16004,475,5,2146.39,1,4,4,At Risk
16005,12,11,2333.04,5,5,4,Champions
16006,211,2,332.82,2,2,2,Lost
16007,48,7,3053.06,4,4,5,Champions
16008,24,15,5339.13,4,5,5,Champions
16009,22,4,972.11,4,3,3,Loyal Customers
16010,246,12,1692.91,2,5,4,At Risk
16011,8,30,5587.56,5,5,5,Champions
16012,35,5,2978.59,4,4,5,Champions
16013,4,94,51420.92,5,5,5,Champions
16014,36,6,1091.03,4,4,3,Loyal Customers
16015,4,4,689.7,5,3,3,Loyal Customers
16016,3,14,2053.0,5,5,4,Champions
16017,47,5,1545.58,4,4,4,Champions
16018,39,4,698.13,4,3,3,Loyal Customers
16019,2,35,16503.46,5,5,5,Champions
16020,17,3,851.01,5,3,3,Loyal Customers
16021,395,2,487.03,2,2,2,Lost
16022,260,1,602.63,2,1,3,Cannot Lose Them
16023,46,3,719.81,4,3,3,Loyal Customers
16024,12,3,483.99,5,3,2,Others
16025,30,1,439.66,4,1,2,New Promising
16026,43,1,236.09,4,1,1,New Promising
16027,92,18,1799.84,3,5,4,Loyal Customers
16028,596,1,82.2,1,1,1,Lost
16029,39,125,89705.47,4,5,5,Champions
16030,310,1,331.24,2,1,2,Lost
16031,92,2,547.9,3,2,2,Others
16032,456,6,1965.72,1,4,4,At Risk
16033,6,36,10465.07,5,5,5,Champions
16034,196,7,908.37,2,4,3,At Risk
16035,560,1,217.73,1,1,1,Lost
16036,87,4,2556.84,3,3,4,Loyal Customers
16037,270,7,1489.44,2,4,4,At Risk
16038,8,4,454.33,5,3,2,Others
16039,424,3,449.65,1,3,2,At Risk
16040,65,8,2383.7,3,4,4,Loyal Customers
16041,31,3,3166.4,4,3,5,Loyal Customers
16042,22,11,2183.1,4,5,4,Champions
16043,38,8,1856.59,4,4,4,Champions
16044,435,1,340.84,1,1,2,Lost
16045,120,9,3187.03,3,4,5,Loyal Customers
16046,562,1,235.78,1,1,1,Lost
16047,682,1,107.14,1,1,1,Lost
16048,86,6,800.09,3,4,3,Loyal Customers
16049,40,6,1852.15,4,4,4,Champions
16050,174,3,300.7,3,3,2,Others
16051,682,1,188.44,1,1,1,Lost
16052,54,1,362.06,4,1,2,New Promising
16053,33,8,3606.14,4,4,5,Champions
16054,145,7,2090.68,3,4,4,Loyal Customers
16055,221,1,134.8,2,1,1,Lost
16056,45,1,650.75,4,1,3,New Promising
16057,4,17,3202.07,5,5,5,Champions
16058,406,1,62.7,2,1,1,Lost
16059,66,12,3053.57,3,5,5,Loyal Customers
16060,401,3,541.95,2,3,2,At Risk
16061,269,3,44.95,2,3,1,At Risk
16062,10,8,2863.45,5,4,5,Champions
16063,260,1,335.32,2,1,2,Lost
16064,725,1,109.31,1,1,1,Lost
16065,365,10,1975.13,2,5,4,At Risk
16066,17,5,1521.04,5,4,4,Champions
16067,563,6,2900.01,1,4,5,At Risk
16068,594,1,115.73,1,1,1,Lost
16069,418,1,457.7,1,1,2,Lost
16070,22,2,852.15,4,2,3,New Promising
16071,45,4,1076.8,4,3,3,Loyal Customers
16072,288,4,4180.09,2,3,5,At Risk
16073,292,2,94.35,2,2,1,Lost
16074,390,1,252.5,2,1,1,Lost
16075,503,3,726.98,1,3,3,At Risk
16076,3,11,2173.53,5,5,4,Champions
16077,574,2,600.0,1,2,3,Cannot Lose Them
16078,284,2,362.99,2,2,2,Lost
16079,17,3,1352.0,5,3,4,Loyal Customers
16080,82,6,472.9,3,4,2,Others
16081,56,8,4278.96,4,4,5,Champions
16082,670,1,106.75,1,1,1,Lost
16083,101,4,2351.42,3,3,4,Loyal Customers
16084,299,1,436.18,2,1,2,Lost
16085,23,13,2335.23,4,5,4,Champions
16086,59,11,2685.65,3,5,4,Loyal Customers
16087,389,5,1739.92,2,4,4,At Risk
16088,576,2,1437.43,1,2,4,Cannot Lose Them
16089,386,2,263.49,2,2,1,Lost
16090,624,1,180.56,1,1,1,Lost
16091,155,2,315.06,3,2,2,Others
16092,99,10,1515.49,3,5,4,Loyal Customers
16093,107,1,17.0,3,1,1,Others
16094,12,19,3599.16,5,5,5,Champions
16095,456,1,447.05,1,1,2,Lost
16096,264,4,1584.97,2,3,4,At Risk
16097,240,1,185.05,2,1,1,Lost
16098,88,14,4010.7,3,5,5,Loyal Customers
16099,50,8,1568.25,4,4,4,Champions
16100,463,1,582.64,1,1,2,Lost
16101,9,7,3167.42,5,4,5,Champions
16102,42,3,1842.14,4,3,4,Loyal Customers
16103,7,27,6002.76,5,5,5,Champions
16104,62,11,2511.21,3,5,4,Loyal Customers
16105,249,5,2386.19,2,4,4,At Risk
16106,66,1,108.38,3,1,1,Others
16107,18,7,3204.16,5,4,5,Champions
16108,85,8,2171.93,3,4,4,Loyal Customers
16109,219,4,923.58,2,3,3,At Risk
16110,45,4,1781.59,4,3,4,Loyal Customers
16111,428,1,549.33,1,1,2,Lost
16112,143,4,195.74,3,3,1,Others
16113,183,1,161.38,3,1,1,Others
16114,171,1,135.75,3,1,1,Others
16115,10,12,2553.8,5,5,4,Champions
16116,206,2,592.88,2,2,2,Lost
16117,190,4,650.05,2,3,3,At Risk
16118,393,5,4255.43,2,4,5,At Risk
16119,8,8,1720.81,5,4,4,Champions
16120,59,7,2952.51,3,4,5,Loyal Customers
16121,57,6,1430.14,4,4,4,Champions
16122,73,6,895.62,3,4,3,Loyal Customers
16123,52,1,307.78,4,1,2,New Promising
16124,316,6,1709.39,2,4,4,At Risk
16125,367,14,4292.35,2,5,5,At Risk
16126,29,15,14644.6,4,5,5,Champions
16127,39,2,801.31,4,2,3,New Promising
16128,18,14,3748.4,5,5,5,Champions
16129,407,3,1396.05,2,3,4,At Risk
16130,422,4,987.48,1,3,3,At Risk
16131,52,15,9866.27,4,5,5,Champions
16132,544,2,664.2,1,2,3,Cannot Lose Them
16133,4,78,22228.88,5,5,5,Champions
16134,22,7,2119.99,4,4,4,Champions
16135,263,2,819.45,2,2,3,Cannot Lose Them
16136,60,5,921.08,3,4,3,Loyal Customers
16137,680,1,422.7,1,1,2,Lost
16138,368,4,902.4,2,3,3,At Risk
16139,19,5,1111.15,4,4,3,Loyal Customers
16140,53,5,1412.05,4,4,4,Champions
16141,88,2,955.94,3,2,3,Others
16142,250,1,535.34,2,1,2,Lost
16143,3,16,4511.13,5,5,5,Champions
16144,247,1,175.2,2,1,1,Lost
16145,9,29,6693.6,5,5,5,Champions
16146,157,4,946.38,3,3,3,Loyal Customers
16147,134,7,2367.02,3,4,4,Loyal Customers
16148,296,4,370.37,2,3,2,At Risk
16149,5,3,422.22,5,3,2,Others
16150,39,20,3761.27,4,5,5,Champions
16152,269,1,1829.04,2,1,4,Cannot Lose Them
16153,50,13,5037.51,4,5,5,Champions
16155,382,6,781.05,2,4,3,At Risk
16156,9,26,5923.39,5,5,5,Champions
16157,16,4,644.24,5,3,3,Loyal Customers
16158,522,10,611.32,1,5,3,At Risk
16159,282,5,1230.29,2,4,4,At Risk
16160,64,4,1009.45,3,3,3,Loyal Customers
16161,2,57,12236.22,5,5,5,Champions
16162,252,1,37.4,2,1,1,Lost
16163,225,14,1822.03,2,5,4,At Risk
16164,17,4,802.53,5,3,3,Loyal Customers
16165,505,1,79.9,1,1,1,Lost
16166,428,4,327.48,1,3,2,At Risk
16167,414,6,1149.87,1,4,3,At Risk
16168,11,73,10263.28,5,5,5,Champions
16169,8,4,1822.97,5,3,4,Loyal Customers
16170,51,25,6813.67,4,5,5,Champions
16171,59,1,73.2,3,1,1,Others
16172,95,8,1884.55,3,4,4,Loyal Customers
16173,16,7,1406.57,5,4,4,Champions
16174,126,7,2246.75,3,4,4,Loyal Customers
16175,94,7,1836.44,3,4,4,Loyal Customers
16176,421,7,1964.04,1,4,4,At Risk
16177,50,12,2141.61,4,5,4,Champions
16178,138,2,612.6,3,2,3,Others
16179,61,1,215.83,3,1,1,Others
16180,100,16,16170.27,3,5,5,Loyal Customers
16181,73,1,305.54,3,1,2,Others
16182,72,9,9971.65,3,4,5,Loyal Customers
16183,67,4,1077.81,3,3,3,Loyal Customers
16184,64,7,1155.54,3,4,3,Loyal Customers
16185,17,3,644.72,5,3,3,Loyal Customers
16186,23,30,8676.23,4,5,5,Champions
16187,32,17,6841.24,4,5,5,Champions
16188,45,6,1077.71,4,4,3,Loyal Customers
16189,16,2,215.48,5,2,1,New Promising
16190,40,8,2723.55,4,4,4,Champions
16191,3,40,15151.92,5,5,5,Champions
16192,736,1,351.3,1,1,2,Lost
16193,237,2,630.43,2,2,3,Cannot Lose Them
16194,375,1,308.6,2,1,2,Lost
16195,723,1,323.25,1,1,2,Lost
16196,489,1,93.3,1,1,1,Lost
16197,469,9,2016.71,1,4,4,At Risk
16198,75,2,1030.04,3,2,3,Others
16199,392,7,942.75,2,4,3,At Risk
16200,4,13,5594.6,5,5,5,Champions
16201,3,6,2070.17,5,4,4,Champions
16202,361,11,2467.04,2,5,4,At Risk
16203,59,7,940.09,3,4,3,Loyal Customers
16204,23,4,913.71,4,3,3,Loyal Customers
16205,31,7,1820.11,4,4,4,Champions
16206,55,14,2584.92,4,5,4,Champions
16207,25,1,394.38,4,1,2,New Promising
16208,45,10,3440.45,4,5,5,Champions
16209,89,9,4146.78,3,4,5,Loyal Customers
16210,2,37,33565.52,5,5,5,Champions
16211,81,4,1086.34,3,3,3,Loyal Customers
16212,19,5,1284.56,4,4,4,Champions
16213,79,1,159.0,3,1,1,Others
16214,171,4,2038.25,3,3,4,Loyal Customers
16215,81,1,242.35,3,1,1,Others
16216,267,1,914.93,2,1,3,Cannot Lose Them
16217,235,4,259.39,2,3,1,At Risk
16218,30,19,3872.3,4,5,5,Champions
16219,501,1,40.8,1,1,1,Lost
16221,37,10,2013.42,4,5,4,Champions
16222,318,2,1272.05,2,2,4,Cannot Lose Them
16223,375,2,1087.05,2,2,3,Cannot Lose Them
16224,57,5,1616.54,4,4,4,Champions
16225,45,18,2813.81,4,5,4,Champions
16226,203,5,672.17,2,4,3,At Risk
16227,219,6,948.82,2,4,3,At Risk
16228,374,4,881.06,2,3,3,At Risk
16229,87,7,2835.36,3,4,4,Loyal Customers
16230,190,2,542.03,2,2,2,Lost
16231,379,4,1074.47,2,3,3,At Risk
16232,33,10,2692.02,4,5,4,Champions
16233,71,12,1671.31,3,5,4,Loyal Customers
16234,474,4,312.78,1,3,2,At Risk
16235,41,11,1990.61,4,5,4,Champions
16236,78,1,432.2,3,1,2,Others
16237,437,1,136.65,1,1,1,Lost
16238,423,1,63.66,1,1,1,Lost
16239,57,7,1450.9,4,4,4,Champions
16240,8,5,3693.81,5,4,5,Champions
16241,10,16,3992.86,5,5,5,Champions
16242,8,18,7370.5,5,5,5,Champions
16243,34,2,409.1,4,2,2,New Promising
16244,212,2,1522.75,2,2,4,Cannot Lose Them
16245,24,5,1352.36,4,4,4,Champions
16246,460,2,821.35,1,2,3,Cannot Lose Them
16247,170,1,114.56,3,1,1,Others
16248,62,1,152.94,3,1,1,Others
16249,53,5,1800.07,4,4,4,Champions
16250,261,3,565.24,2,3,2,At Risk
16251,512,1,128.31,1,1,1,Lost
16253,32,9,7238.96,4,4,5,Champions
16254,378,3,967.44,2,3,3,At Risk
16255,17,19,4457.59,5,5,5,Champions
16256,258,4,1609.57,2,3,4,At Risk
16257,177,1,46.95,3,1,1,Others
16258,45,16,11833.52,4,5,5,Champions
16259,410,3,340.94,1,3,2,At Risk
16260,51,1,1035.45,4,1,3,New Promising
16261,17,6,1041.16,5,4,3,Loyal Customers
16262,361,3,677.78,2,3,3,At Risk
16263,423,1,348.16,1,1,2,Lost
16264,438,2,823.53,1,2,3,Cannot Lose Them
16265,9,15,6893.62,5,5,5,Champions
16266,74,14,1757.95,3,5,4,Loyal Customers
16267,591,1,186.66,1,1,1,Lost
16268,71,2,667.65,3,2,3,Others
16269,428,2,714.59,1,2,3,Cannot Lose Them
16270,353,1,1141.24,2,1,3,Cannot Lose Them
16271,3,11,3391.87,5,5,5,Champions
16272,117,1,411.7,3,1,2,Others
16273,648,2,318.34,1,2,2,Lost
16274,373,1,351.75,2,1,2,Lost
16275,197,3,2151.11,2,3,4,At Risk
16276,177,3,2629.39,3,3,4,Loyal Customers
16277,734,1,188.69,1,1,1,Lost
16278,23,7,1056.59,4,4,3,Loyal Customers
16279,21,10,5685.38,4,5,5,Champions
16280,725,1,238.05,1,1,1,Lost
16281,72,4,3416.52,3,3,5,Loyal Customers
16282,340,3,1307.58,2,3,4,At Risk
16283,6,12,4257.87,5,5,5,Champions
16284,31,3,1018.48,4,3,3,Loyal Customers
16285,646,1,176.9,1,1,1,Lost
16286,477,4,263.65,1,3,1,At Risk
16287,170,5,1006.98,3,4,3,Loyal Customers
16288,470,1,129.85,1,1,1,Lost
16289,462,2,98.81,1,2,1,Lost
16290,465,4,1957.7,1,3,4,At Risk
16291,682,1,117.72,1,1,1,Lost
16292,117,9,1171.46,3,4,3,Loyal Customers
16293,9,19,4253.45,5,5,5,Champions
16294,477,1,126.05,1,1,1,Lost
16295,10,4,1328.55,5,3,4,Loyal Customers
16296,626,6,1245.97,1,4,4,At Risk
16297,213,4,275.4,2,3,1,At Risk
16298,23,9,1080.0,4,4,3,Loyal Customers
16299,473,2,178.65,1,2,1,Lost
16300,430,3,1367.32,1,3,4,At Risk
16301,737,1,107.33,1,1,1,Lost
16302,108,2,212.82,3,2,1,Others
16303,26,9,7823.72,4,4,5,Champions
16304,695,1,381.66,1,1,2,Lost
16305,139,1,361.22,3,1,2,Others
16306,214,10,1094.72,2,5,3,At Risk
16307,429,3,1194.92,1,3,4,At Risk
16308,38,7,5120.0,4,4,5,Champions
16309,92,3,686.67,3,3,3,Loyal Customers
16310,414,2,460.08,1,2,2,Lost
16311,18,2,616.26,5,2,3,New Promising
16312,432,1,171.15,1,1,1,Lost
16313,3,2,274.15,5,2,1,New Promising
16314,390,3,1491.4,2,3,4,At Risk
16315,331,2,402.71,2,2,2,Lost
16316,64,19,5533.31,3,5,5,Loyal Customers
16317,120,6,2179.76,3,4,4,Loyal Customers
16318,35,1,328.15,4,1,2,New Promising
16319,218,1,404.4,2,1,2,Lost
16320,172,8,4428.85,3,4,5,Loyal Customers
16321,72,10,265.5,3,5,1,Others
16322,1,2,326.75,5,2,2,New Promising
16323,196,2,353.66,2,2,2,Lost
16324,128,3,408.59,3,3,2,Others
16325,44,17,3463.84,4,5,5,Champions
16326,6,26,4601.25,5,5,5,Champions
16327,14,20,10133.82,5,5,5,Champions
16328,563,1,310.83,1,1,2,Lost
16329,428,4,1664.92,1,3,4,At Risk
16330,18,8,615.68,5,4,3,Loyal Customers
16331,432,6,2037.7,1,4,4,At Risk
16332,28,13,1979.57,4,5,4,Champions
16333,8,22,26626.8,5,5,5,Champions
16334,492,1,263.73,1,1,1,Lost
16335,552,8,2726.52,1,4,4,At Risk
16336,421,4,3517.69,1,3,5,At Risk
16337,37,1,151.05,4,1,1,New Promising
16338,157,1,214.8,3,1,1,Others
16339,284,1,94.05,2,1,1,Lost
16340,107,3,1496.24,3,3,4,Loyal Customers
16341,25,10,3832.29,4,5,5,Champions
16342,75,4,322.41,3,3,2,Others
16343,16,3,614.12,5,3,3,Loyal Customers
16344,158,4,842.42,3,3,3,Loyal Customers
16345,44,2,1178.79,4,2,3,New Promising
16346,385,1,224.51,2,1,1,Lost
16347,11,13,3415.56,5,5,5,Champions
16348,32,8,1744.42,4,4,4,Champions
16349,291,1,53.5,2,1,1,Lost
16350,21,12,2222.49,4,5,4,Champions
16351,333,18,3279.13,2,5,5,At Risk
16352,18,2,494.44,5,2,2,New Promising
16353,4,41,9781.93,5,5,5,Champions
16354,63,5,1119.46,3,4,3,Loyal Customers
16355,374,2,349.2,2,2,2,Lost
16356,198,7,414.42,2,4,2,At Risk
16357,33,4,868.37,4,3,3,Loyal Customers
16358,1,6,2917.1,5,4,5,Champions
16359,7,20,2379.4,5,5,4,Champions
16360,5,8,3349.57,5,4,5,Champions
16361,10,4,891.21,5,3,3,Loyal Customers
16362,32,11,816.96,4,5,3,Loyal Customers
16363,53,1,109.36,4,1,1,New Promising
16364,12,2,705.79,5,2,3,New Promising
16365,18,16,3156.94,5,5,5,Champions
16366,19,4,1548.13,4,3,4,Loyal Customers
16367,37,3,1350.48,4,3,4,Loyal Customers
16368,2,3,621.44,5,3,3,Loyal Customers
16369,18,7,2656.56,5,4,4,Champions
16370,82,4,1301.91,3,3,4,Loyal Customers
16371,449,1,157.2,1,1,1,Lost
16372,33,6,1260.31,4,4,4,Champions
16373,382,2,309.49,2,2,2,Lost
16374,66,5,1723.4,3,4,4,Loyal Customers
16375,470,2,104.0,1,2,1,Lost
16376,9,3,965.47,5,3,3,Loyal Customers
16377,267,2,1308.48,2,2,4,Cannot Lose Them
16378,247,3,362.95,2,3,2,At Risk
16379,4,5,2131.9,5,4,4,Champions
16380,61,1,1743.15,3,1,4,Others
16381,396,2,247.85,2,2,1,Lost
16382,408,2,353.1,1,2,2,Lost
16383,75,9,2832.69,3,4,4,Loyal Customers
16384,90,4,1358.95,3,3,4,Loyal Customers
16385,60,5,881.35,3,4,3,Loyal Customers
16386,29,3,1068.16,4,3,3,Loyal Customers
16387,323,5,882.46,2,4,3,At Risk
16388,654,1,186.05,1,1,1,Lost
16389,53,5,1362.27,4,4,4,Champions
16390,537,3,467.5,1,3,2,At Risk
16391,401,4,1052.26,2,3,3,At Risk
16392,270,3,756.7,2,3,3,At Risk
16393,2,30,5192.61,5,5,5,Champions
16394,50,9,1412.06,4,4,4,Champions
16395,61,17,3439.51,3,5,5,Loyal Customers
16396,473,3,102.7,1,3,1,At Risk
16397,628,1,123.13,1,1,1,Lost
16398,145,4,1631.15,3,3,4,Loyal Customers
16399,19,3,630.22,4,3,3,Loyal Customers
16400,95,9,3059.85,3,4,5,Loyal Customers
16401,1,39,6628.99,5,5,5,Champions
16402,265,2,293.45,2,2,2,Lost
16403,302,2,161.05,2,2,1,Lost
16404,70,2,430.3,3,2,2,Others
16405,302,2,167.25,2,2,1,Lost
16406,19,4,509.66,4,3,2,Others
16407,13,14,2761.65,5,5,4,Champions
16408,591,1,231.93,1,1,1,Lost
16409,36,12,5652.74,4,5,5,Champions
16410,734,1,130.32,1,1,1,Lost
16411,19,4,756.39,4,3,3,Loyal Customers
16412,54,5,593.19,4,4,2,Others
16413,57,2,522.03,4,2,2,New Promising
16414,22,5,551.21,4,4,2,Others
16415,44,3,696.76,4,3,3,Loyal Customers
16416,27,10,2933.47,4,5,5,Champions
16417,493,1,35.7,1,1,1,Lost
16418,45,5,1028.74,4,4,3,Loyal Customers
16419,113,9,1450.95,3,4,4,Loyal Customers
16420,396,1,75.0,2,1,1,Lost
16421,376,3,526.27,2,3,2,At Risk
16422,17,146,59379.94,5,5,5,Champions
16423,25,1,346.12,4,1,2,New Promising
16424,191,3,392.06,2,3,2,At Risk
16425,302,1,302.7,2,1,2,Lost
16426,2,10,1863.76,5,5,4,Champions
16427,263,2,241.06,2,2,1,Lost
16428,81,4,635.54,3,3,3,Loyal Customers
16429,106,1,284.55,3,1,2,Others
16430,57,7,1117.94,4,4,3,Loyal Customers
16431,213,3,623.28,2,3,3,At Risk
16432,64,1,287.4,3,1,2,Others
16433,28,2,384.52,4,2,2,New Promising
16434,29,13,2658.99,4,5,4,Champions
16435,512,3,1003.07,1,3,3,At Risk
16436,668,4,231.84,1,3,1,At Risk
16437,381,2,301.25,2,2,2,Lost
16438,6,5,798.35,5,4,3,Loyal Customers
16439,722,1,310.7,1,1,2,Lost
16440,8,6,3856.97,5,4,5,Champions
16441,67,6,1008.18,3,4,3,Loyal Customers
16442,2,5,891.98,5,4,3,Loyal Customers
16443,521,1,162.24,1,1,1,Lost
16444,46,20,3551.68,4,5,5,Champions
16445,34,4,583.16,4,3,2,Others
16447,136,3,727.1,3,3,3,Loyal Customers
16448,198,2,361.12,2,2,2,Lost
16449,191,3,674.69,2,3,3,At Risk
16450,150,4,1475.73,3,3,4,Loyal Customers
16451,88,4,1009.4,3,3,3,Loyal Customers
16452,631,2,332.17,1,2,2,Lost
16453,531,2,251.71,1,2,1,Lost
16454,45,8,1.9,4,4,1,Others
16455,64,13,3917.92,3,5,5,Loyal Customers
16456,99,14,5323.44,3,5,5,Loyal Customers
16457,218,1,208.36,2,1,1,Lost
16458,3,30,5690.89,5,5,5,Champions
16459,730,1,71.79,1,1,1,Lost
16460,28,3,811.23,4,3,3,Loyal Customers
16461,178,3,1545.83,3,3,4,Loyal Customers
16462,64,4,102.0,3,3,1,Others
16463,21,7,1383.7,4,4,4,Champions
16464,20,3,1298.66,4,3,4,Loyal Customers
16465,414,3,726.34,1,3,3,At Risk
16466,34,16,3642.09,4,5,5,Champions
16467,509,8,2862.4,1,4,5,At Risk
16468,74,3,787.52,3,3,3,Loyal Customers
16469,24,5,803.9,4,4,3,Loyal Customers
16470,52,12,2411.9,4,5,4,Champions
16471,275,6,1186.18,2,4,3,At Risk
16472,434,2,789.6,1,2,3,Cannot Lose Them
16473,165,5,469.58,3,4,2,Others
16474,7,11,1750.62,5,5,4,Champions
16475,88,4,544.3,3,3,2,Others
16476,417,3,337.0,1,3,2,At Risk
16477,64,11,4094.37,3,5,5,Loyal Customers
16478,25,3,331.0,4,3,2,Others
16479,10,2,300.83,5,2,2,New Promising
16480,76,1,769.29,3,1,3,Others
16481,660,3,428.23,1,3,2,At Risk
16482,16,1,220.62,5,1,1,New Promising
16483,192,1,139.35,2,1,1,Lost
16484,174,3,379.4,3,3,2,Others
16485,77,7,2130.19,3,4,4,Loyal Customers
16486,538,1,134.36,1,1,1,Lost
16487,577,2,209.4,1,2,1,Lost
16488,33,4,492.2,4,3,2,Others
16489,380,2,303.7,2,2,2,Lost
16490,430,2,179.16,1,2,1,Lost
16491,47,3,1524.31,4,3,4,Loyal Customers
16492,541,1,385.56,1,1,2,Lost
16493,73,9,2110.12,3,4,4,Loyal Customers
16494,297,1,826.53,2,1,3,Cannot Lose Them
16495,3,3,648.26,5,3,3,Loyal Customers
16496,9,7,2293.47,5,4,4,Champions
16497,50,23,6695.28,4,5,5,Champions
16498,161,3,86.12,3,3,1,Others
16499,360,13,2509.64,2,5,4,At Risk
16500,5,10,835.96,5,5,3,Loyal Customers
16501,383,1,1191.23,2,1,4,Cannot Lose Them
16502,620,2,258.55,1,2,1,Lost
16503,107,13,3597.89,3,5,5,Loyal Customers
16504,25,1,465.88,4,1,2,New Promising
16505,32,1,777.6,4,1,3,New Promising
16506,20,2,90.3,4,2,1,New Promising
16507,572,1,142.71,1,1,1,Lost
16508,630,1,240.95,1,1,1,Lost
16509,297,1,363.7,2,1,2,Lost
16510,372,6,1777.5,2,4,4,At Risk
16511,22,6,1760.49,4,4,4,Champions
16513,5,4,874.59,5,3,3,Loyal Customers
16515,52,10,3179.06,4,5,5,Champions
16516,30,1,101.7,4,1,1,New Promising
16517,277,1,162.7,2,1,1,Lost
16518,61,6,938.27,3,4,3,Loyal Customers
16519,25,4,439.06,4,3,2,Others
16520,186,8,2131.68,2,4,4,At Risk
16521,415,3,1140.11,1,3,3,At Risk
16522,436,2,433.36,1,2,2,Lost
16523,2,39,11760.54,5,5,5,Champions
16524,446,2,306.19,1,2,2,Lost
16525,2,54,22919.4,5,5,5,Champions
16526,172,2,717.21,3,2,3,Others
16527,81,2,1232.94,3,2,4,Others
16528,4,1,244.41,5,1,1,New Promising
16529,190,4,1986.8,2,3,4,At Risk
16530,668,1,48.35,1,1,1,Lost
16531,22,12,2263.58,4,5,4,Champions
16532,18,5,8756.64,5,4,5,Champions
16533,19,5,1014.19,4,4,3,Loyal Customers
16534,642,1,635.9,1,1,3,Cannot Lose Them
16535,5,3,972.04,5,3,3,Loyal Customers
16536,107,2,538.17,3,2,2,Others
16537,641,1,23.35,1,1,1,Lost
16538,541,3,395.07,1,3,2,At Risk
16539,3,10,3289.66,5,5,5,Champions
16540,414,1,205.75,1,1,1,Lost
16541,735,2,419.78,1,2,2,Lost
16542,54,2,257.32,4,2,1,New Promising
16543,583,2,277.81,1,2,2,Lost
16544,520,6,110.3,1,4,1,At Risk
16545,165,2,689.82,3,2,3,Others
16546,291,7,4421.04,2,4,5,At Risk
16547,546,1,104.26,1,1,1,Lost
16548,599,1,30.15,1,1,1,Lost
16549,10,37,12759.25,5,5,5,Champions
16550,109,29,8556.82,3,5,5,Loyal Customers
16551,96,7,2237.12,3,4,4,Loyal Customers
16552,243,2,379.73,2,2,2,Lost
16553,163,36,16500.12,3,5,5,Loyal Customers
16554,3,18,2407.17,5,5,4,Champions
16555,35,10,285.89,4,5,2,Others
16556,67,24,7610.23,3,5,5,Loyal Customers
16557,24,2,281.85,4,2,2,New Promising
16558,1,47,13149.56,5,5,5,Champions
16559,397,1,175.0,2,1,1,Lost
16560,21,10,3010.73,4,5,5,Champions
16561,6,2,511.12,5,2,2,New Promising
16562,477,1,223.86,1,1,1,Lost
16563,54,7,4402.36,4,4,5,Champions
16564,569,1,87.8,1,1,1,Lost
16565,364,5,700.45,2,4,3,At Risk
16566,15,6,614.01,5,4,3,Loyal Customers
16567,194,2,865.6,2,2,3,Cannot Lose Them
16568,428,2,1020.9,1,2,3,Cannot Lose Them
16569,3,5,1455.23,5,4,4,Champions
16570,9,31,6841.82,5,5,5,Champions
16571,3,17,4025.05,5,5,5,Champions
16572,127,4,999.7,3,3,3,Loyal Customers
16573,74,4,648.41,3,3,3,Loyal Customers
16574,71,3,1301.78,3,3,4,Loyal Customers
16576,410,5,513.17,1,4,2,At Risk
16577,667,1,380.0,1,1,2,Lost
16578,626,1,156.6,1,1,1,Lost
16579,365,2,264.45,2,2,1,Lost
16581,155,2,70.44,3,2,1,Others
16582,113,1,313.62,3,1,2,Others
16583,374,2,297.95,2,2,2,Lost
16584,80,7,3077.97,3,4,5,Loyal Customers
16585,594,2,341.59,1,2,2,Lost
16586,249,3,1462.78,2,3,4,At Risk
16587,232,1,225.15,2,1,1,Lost
16588,386,4,1361.28,2,3,4,At Risk
16589,71,4,612.36,3,3,3,Loyal Customers
16590,381,3,563.6,2,3,2,At Risk
16591,69,1,213.5,3,1,1,Others
16592,4,34,7624.46,5,5,5,Champions
16593,51,9,1051.24,4,4,3,Loyal Customers
16594,75,1,181.09,3,1,1,Others
16595,61,5,1757.75,3,4,4,Loyal Customers
16596,16,4,458.98,5,3,2,Others
16597,4,1,90.04,5,1,1,New Promising
16598,277,2,140.7,2,2,1,Lost
16599,386,1,172.8,2,1,1,Lost
16600,4,16,2093.56,5,5,4,Champions
16601,41,3,677.0,4,3,3,Loyal Customers
16602,31,5,711.63,4,4,3,Loyal Customers
16603,75,2,482.47,3,2,2,Others
16604,548,3,326.25,1,3,2,At Risk
16605,724,1,60.48,1,1,1,Lost
16606,404,2,357.66,2,2,2,Lost
16607,18,29,5375.18,5,5,5,Champions
16608,454,2,1286.62,1,2,4,Cannot Lose Them
16609,15,9,5450.96,5,4,5,Champions
16610,219,1,75.66,2,1,1,Lost
16611,186,7,1776.63,2,4,4,At Risk
16612,33,10,3243.48,4,5,5,Champions
16613,70,1,618.59,3,1,3,Others
16614,183,3,1179.79,3,3,3,Loyal Customers
16615,569,2,264.5,1,2,1,Lost
16616,15,2,500.42,5,2,2,New Promising
16617,236,1,151.85,2,1,1,Lost
16618,31,6,2630.64,4,4,4,Champions
16619,254,5,1916.53,2,4,4,At Risk
16620,4,6,1758.93,5,4,4,Champions
16621,52,4,813.48,4,3,3,Loyal Customers
16622,542,2,205.6,1,2,1,Lost
16623,246,5,1002.49,2,4,3,At Risk
16624,81,2,810.57,3,2,3,Others
16625,275,6,1651.08,2,4,4,At Risk
16626,1,20,4379.65,5,5,5,Champions
16627,79,1,322.8,3,1,2,Others
16628,30,8,2313.09,4,4,4,Champions
16629,74,2,408.63,3,2,2,Others
16630,407,2,104.3,2,2,1,Lost
16631,482,8,1867.02,1,4,4,At Risk
16632,486,2,406.4,1,2,2,Lost
16633,17,7,2878.15,5,4,5,Champions
16634,223,10,1198.3,2,5,4,At Risk
16635,407,1,473.0,2,1,2,Lost
16636,438,4,3802.04,1,3,5,At Risk
16637,32,5,1124.59,4,4,3,Loyal Customers
16638,23,16,2375.88,4,5,4,Champions
16639,25,5,1659.85,4,4,4,Champions
16640,398,1,179.4,2,1,1,Lost
16641,106,2,554.5,3,2,2,Others
16642,5,5,1051.46,5,4,3,Loyal Customers
16643,246,3,915.56,2,3,3,At Risk
16644,178,2,833.78,3,2,3,Others
16645,736,1,160.39,1,1,1,Lost
16646,444,2,675.05,1,2,3,Cannot Lose Them
16647,170,4,541.9,3,3,2,Others
16648,39,4,653.0,4,3,3,Loyal Customers
16649,520,1,306.58,1,1,2,Lost
16650,72,7,1916.11,3,4,4,Loyal Customers
16651,587,1,136.2,1,1,1,Lost
16652,54,24,17312.83,4,5,5,Champions
16653,16,3,1166.92,5,3,3,Loyal Customers
16654,141,9,1477.77,3,4,4,Loyal Customers
16655,18,14,6388.16,5,5,5,Champions
16656,22,44,16307.72,4,5,5,Champions
16657,10,4,874.43,5,3,3,Loyal Customers
16658,368,9,573.48,2,4,2,At Risk
16659,189,1,39.12,2,1,1,Lost
16660,16,8,1422.35,5,4,4,Champions
16661,540,5,788.31,1,4,3,At Risk
16662,394,1,151.05,2,1,1,Lost
16663,729,1,165.0,1,1,1,Lost
16664,569,1,109.2,1,1,1,Lost
16665,362,1,135.4,2,1,1,Lost
16666,19,2,217.71,4,2,1,New Promising
16667,68,2,567.18,3,2,2,Others
16668,15,13,862.42,5,5,3,Loyal Customers
16669,24,5,200.15,4,4,1,Others
16670,17,33,7786.66,5,5,5,Champions
16671,28,3,1692.27,4,3,4,Loyal Customers
16672,2,23,8093.59,5,5,5,Champions
16673,679,1,171.13,1,1,1,Lost
16674,55,2,304.24,4,2,2,New Promising
16675,442,2,608.86,1,2,3,Cannot Lose Them
16676,34,7,2328.5,4,4,4,Champions
16677,393,3,849.77,2,3,3,At Risk
16678,3,17,3013.83,5,5,5,Champions
16679,366,3,663.31,2,3,3,At Risk
16680,43,3,821.45,4,3,3,Loyal Customers
16681,73,7,1921.84,3,4,4,Loyal Customers
16682,5,5,1028.0,5,4,3,Loyal Customers
16683,529,2,309.35,1,2,2,Lost
16684,4,65,141502.25,5,5,5,Champions
16685,61,2,324.24,3,2,2,Others
16686,47,18,4861.72,4,5,5,Champions
16687,391,1,157.63,2,1,1,Lost
16688,1,4,1260.86,5,3,4,Loyal Customers
16689,76,3,303.26,3,3,2,Others
16690,44,5,336.08,4,4,2,Others
16691,418,2,178.83,1,2,1,Lost
16692,256,4,1914.7,2,3,4,At Risk
16693,69,5,1179.48,3,4,3,Loyal Customers
16694,723,1,98.3,1,1,1,Lost
16695,562,2,191.9,1,2,1,Lost
16696,135,4,657.9,3,3,3,Loyal Customers
16697,241,1,112.75,2,1,1,Lost
16698,227,2,1998.0,2,2,4,Cannot Lose Them
16699,380,8,964.9,2,4,3,At Risk
16700,9,31,8747.12,5,5,5,Champions
16701,9,34,9614.59,5,5,5,Champions
16702,415,5,1100.88,1,4,3,At Risk
16704,618,2,664.16,1,2,3,Cannot Lose Them
16705,1,61,42653.14,5,5,5,Champions
16706,37,3,531.35,4,3,2,Others
16707,400,4,533.41,2,3,2,At Risk
16708,46,1,656.63,4,1,3,New Promising
16709,85,14,9056.01,3,5,5,Loyal Customers
16710,19,23,5908.6,4,5,5,Champions
16711,3,10,2751.48,5,5,4,Champions
16712,9,13,4232.87,5,5,5,Champions
16713,19,41,13943.36,4,5,5,Champions
16714,219,7,1222.24,2,4,4,At Risk
16715,78,2,625.52,3,2,3,Others
16716,267,4,1568.28,2,3,4,At Risk
16717,9,20,5987.41,5,5,5,Champions
16718,369,5,3006.08,2,4,5,At Risk
16719,15,17,3368.87,5,5,5,Champions
16720,26,4,556.69,4,3,2,Others
16721,262,1,292.47,2,1,2,Lost
16722,17,26,8168.31,5,5,5,Champions
16723,91,4,1231.36,3,3,4,Loyal Customers
16724,405,1,147.35,2,1,1,Lost
16725,302,16,1676.86,2,5,4,At Risk
16726,26,7,2063.88,4,4,4,Champions
16727,364,4,1377.77,2,3,4,At Risk
16728,46,4,1048.28,4,3,3,Loyal Customers
16729,36,26,7041.69,4,5,5,Champions
16730,52,4,702.79,4,3,3,Loyal Customers
16731,648,1,170.3,1,1,1,Lost
16732,32,9,3966.79,4,4,5,Champions
16733,530,1,259.68,1,1,1,Lost
16734,52,3,646.76,4,3,3,Loyal Customers
16735,79,22,5578.86,3,5,5,Loyal Customers
16736,506,8,2904.51,1,4,5,At Risk
16737,53,2,835.2,4,2,3,New Promising
16738,298,1,3.75,2,1,1,Lost
16739,172,4,772.23,3,3,3,Loyal Customers
16740,395,1,226.91,2,1,1,Lost
16741,625,1,173.06,1,1,1,Lost
16742,47,15,2334.97,4,5,4,Champions
16743,29,15,4165.9,4,5,5,Champions
16744,11,7,1291.91,5,4,4,Champions
16745,87,18,7157.1,3,5,5,Loyal Customers
16746,5,46,18012.2,5,5,5,Champions
16747,25,4,826.96,4,3,3,Loyal Customers
16748,18,15,3632.29,5,5,5,Champions
16749,591,2,4157.88,1,2,5,Cannot Lose Them
16750,45,5,623.93,4,4,3,Loyal Customers
16751,31,1,1764.72,4,1,4,New Promising
16752,373,1,207.5,2,1,1,Lost
16753,58,1,223.92,3,1,1,Others
16754,372,35,54558.18,2,5,5,At Risk
16755,114,10,2846.13,3,5,4,Loyal Customers
16756,215,9,1287.42,2,4,4,At Risk
16757,319,2,270.48,2,2,1,Lost
16758,65,1,369.34,3,1,2,Others
16759,8,4,772.84,5,3,3,Loyal Customers
16760,430,1,228.0,1,1,1,Lost
16761,97,1,316.62,3,1,2,Others
16762,20,3,1207.24,4,3,4,Loyal Customers
16763,185,3,947.75,2,3,3,At Risk
16764,4,18,2749.95,5,5,4,Champions
16765,294,2,454.75,2,2,2,Lost
16766,273,2,1145.6,2,2,3,Cannot Lose Them
16767,31,16,7954.76,4,5,5,Champions
16768,48,14,1637.52,4,5,4,Champions
16769,260,4,1117.05,2,3,3,At Risk
16770,58,11,1746.83,3,5,4,Loyal Customers
16771,33,10,3949.6,4,5,5,Champions
16772,417,5,2760.1,1,4,4,At Risk
16773,57,3,421.24,4,3,2,Others
16774,68,9,1560.88,3,4,4,Loyal Customers
16775,10,17,2739.24,5,5,4,Champions
16776,60,2,592.51,3,2,2,Others
16777,80,6,1261.43,3,4,4,Loyal Customers
16778,74,2,245.94,3,2,1,Others
16779,2,62,32522.4,5,5,5,Champions
16780,100,3,596.4,3,3,2,Others
16781,365,3,606.4,2,3,3,At Risk
16782,10,50,9552.62,5,5,5,Champions
16783,437,1,391.95,1,1,2,Lost
16784,20,5,892.33,4,4,3,Loyal Customers
16785,410,1,533.78,1,1,2,Lost
16786,394,1,51.84,2,1,1,Lost
16787,398,4,1017.53,2,3,3,At Risk
16788,123,5,1928.93,3,4,4,Loyal Customers
16789,8,1,80.8,5,1,1,New Promising
16790,4,8,1520.12,5,4,4,Champions
16791,29,18,3865.06,4,5,5,Champions
16792,282,5,623.46,2,4,3,At Risk
16793,57,1,243.84,4,1,1,New Promising
16794,1,17,2031.5,5,5,4,Champions
16795,365,5,2035.21,2,4,4,At Risk
16796,89,1,305.62,3,1,2,Others
16797,393,9,1761.02,2,4,4,At Risk
16798,554,4,830.01,1,3,3,At Risk
16799,432,3,447.83,1,3,2,At Risk
16800,11,1,1162.65,5,1,3,New Promising
16801,163,5,842.33,3,4,3,Loyal Customers
16802,679,2,582.61,1,2,2,Lost
16803,65,1,332.3,3,1,2,Others
16804,23,3,536.99,4,3,2,Others
16805,174,5,1091.34,3,4,3,Loyal Customers
16806,103,4,762.16,3,3,3,Loyal Customers
16807,143,8,2064.88,3,4,4,Loyal Customers
16808,99,2,288.42,3,2,2,Others
16809,23,10,1725.48,4,5,4,Champions
16810,192,4,786.14,2,3,3,At Risk
16811,5,2,547.07,5,2,2,New Promising
16812,361,5,2216.8,2,4,4,At Risk
16813,8,10,1652.18,5,5,4,Champions
16814,14,37,11916.35,5,5,5,Champions
16815,454,2,406.02,1,2,2,Lost
16816,103,4,417.06,3,3,2,Others
16817,3,18,2392.85,5,5,4,Champions
16818,11,13,3317.97,5,5,5,Champions
16819,465,2,182.59,1,2,1,Lost
16820,96,1,497.61,3,1,2,Others
16821,382,1,113.35,2,1,1,Lost
16822,664,3,144.84,1,3,1,At Risk
16823,227,8,2236.14,2,4,4,At Risk
16824,16,3,686.24,5,3,3,Loyal Customers
16825,39,5,1826.89,4,4,4,Champions
16826,51,1,341.7,4,1,2,New Promising
16827,393,5,392.13,2,4,2,At Risk
16828,93,2,128.5,3,2,1,Others
16829,157,2,513.32,3,2,2,Others
16830,39,5,1183.7,4,4,3,Loyal Customers
16831,565,1,91.8,1,1,1,Lost
16832,184,5,417.61,2,4,2,At Risk
16833,1,6,2409.04,5,4,4,Champions
16834,228,2,898.96,2,2,3,Cannot Lose Them
16835,128,10,1389.76,3,5,4,Loyal Customers
16836,40,4,782.37,4,3,3,Loyal Customers
16837,31,12,3167.73,4,5,5,Champions
16838,197,6,1126.66,2,4,3,At Risk
16839,9,51,20416.03,5,5,5,Champions
16840,603,3,126.71,1,3,1,At Risk
16841,37,14,3841.16,4,5,5,Champions
16842,64,4,1260.44,3,3,4,Loyal Customers
16843,43,38,19528.78,4,5,5,Champions
16844,563,2,614.34,1,2,3,Cannot Lose Them
16845,618,1,253.88,1,1,1,Lost
16846,50,3,842.41,4,3,3,Loyal Customers
16847,43,2,614.89,4,2,3,New Promising
16848,53,4,1411.62,4,3,4,Loyal Customers
16849,187,1,124.57,2,1,1,Lost
16850,334,1,332.41,2,1,2,Lost
16851,4,3,342.45,5,3,2,Others
16852,10,2,144.91,5,2,1,New Promising
16854,417,2,1408.96,1,2,4,Cannot Lose Them
16855,24,2,328.4,4,2,2,New Promising
16856,15,3,358.49,5,3,2,Others
16857,443,1,352.8,1,1,2,Lost
16858,366,16,4085.74,2,5,5,At Risk
16859,106,10,1657.74,3,5,4,Loyal Customers
16860,453,4,1593.67,1,3,4,At Risk
16861,60,6,924.48,3,4,3,Loyal Customers
16862,547,4,662.33,1,3,3,At Risk
16863,29,5,812.82,4,4,3,Loyal Customers
16864,434,2,409.25,1,2,2,Lost
16865,402,1,130.95,2,1,1,Lost
16866,141,3,207.74,3,3,1,Others
16867,690,1,76.74,1,1,1,Lost
16868,394,3,384.56,2,3,2,At Risk
16869,23,5,797.32,4,4,3,Loyal Customers
16870,469,1,450.16,1,1,2,Lost
16871,22,7,2761.49,4,4,4,Champions
16872,77,6,1213.13,3,4,4,Loyal Customers
16873,5,17,14547.03,5,5,5,Champions
16874,379,1,209.89,2,1,1,Lost
16875,64,20,4053.2,3,5,5,Loyal Customers
16876,404,1,136.01,2,1,1,Lost
16877,12,6,846.62,5,4,3,Loyal Customers
16880,31,8,1813.21,4,4,4,Champions
16881,67,1,432.0,3,1,2,Others
16882,67,3,705.12,3,3,3,Loyal Customers
16883,187,20,2236.11,2,5,4,At Risk
16884,38,4,1070.97,4,3,3,Loyal Customers
16885,15,4,684.6,5,3,3,Loyal Customers
16887,35,3,658.17,4,3,3,Loyal Customers
16888,401,3,434.2,2,3,2,At Risk
16889,195,6,2526.65,2,4,4,At Risk
16890,477,3,285.41,1,3,2,At Risk
16891,2,11,1727.94,5,5,4,Champions
16892,1,9,726.05,5,4,3,Loyal Customers
16893,367,2,249.89,2,2,1,Lost
16894,502,5,1265.26,1,4,4,At Risk
16895,65,5,1102.9,3,4,3,Loyal Customers
16896,555,1,103.95,1,1,1,Lost
16897,299,3,213.03,2,3,1,At Risk
16898,26,6,820.86,4,4,3,Loyal Customers
16899,8,8,1695.77,5,4,4,Champions
16900,12,5,187.69,5,4,1,Others
16901,729,1,204.26,1,1,1,Lost
16902,116,1,1706.88,3,1,4,Others
16903,29,4,1009.45,4,3,3,Loyal Customers
16904,4,21,4675.36,5,5,5,Champions
16905,5,20,4677.12,5,5,5,Champions
16906,82,7,1410.92,3,4,4,Loyal Customers
16907,29,9,1470.89,4,4,4,Champions
16908,722,2,153.59,1,2,1,Lost
16909,64,2,364.14,3,2,2,Others
16910,4,8,1508.96,5,4,4,Champions
16911,627,3,251.35,1,3,1,At Risk
16912,23,18,4413.8,4,5,5,Champions
16913,290,3,423.91,2,3,2,At Risk
16914,36,1,183.76,4,1,1,New Promising
16915,9,11,1543.18,5,5,4,Champions
16916,24,4,902.02,4,3,3,Loyal Customers
16917,277,3,1842.93,2,3,4,At Risk
16918,50,19,3131.31,4,5,5,Champions
16919,156,28,4837.56,3,5,5,Loyal Customers
16920,411,1,355.45,1,1,2,Lost
16921,61,3,409.21,3,3,2,Others
16922,573,1,611.08,1,1,3,Cannot Lose Them
16923,12,41,12572.15,5,5,5,Champions
16924,21,4,722.64,4,3,3,Loyal Customers
16925,540,1,125.65,1,1,1,Lost
16926,371,6,1158.66,2,4,3,At Risk
16927,116,3,543.05,3,3,2,Others
16928,80,33,3777.88,3,5,5,Loyal Customers
16929,4,7,1295.39,5,4,4,Champions
16930,26,3,378.89,4,3,2,Others
16931,5,23,5032.22,5,5,5,Champions
16932,53,3,412.55,4,3,2,Others
16933,1,16,3017.65,5,5,5,Champions
16934,55,7,2062.89,4,4,4,Champions
16935,382,3,530.86,2,3,2,At Risk
16936,26,2,548.29,4,2,2,New Promising
16937,499,1,196.25,1,1,1,Lost
16938,9,10,6162.11,5,5,5,Champions
16939,489,3,433.85,1,3,2,At Risk
16940,52,11,6245.41,4,5,5,Champions
16941,612,1,33.0,1,1,1,Lost
16942,13,10,1878.51,5,5,4,Champions
16943,212,7,816.73,2,4,3,At Risk
16944,610,1,101.36,1,1,1,Lost
16945,22,35,8530.66,4,5,5,Champions
16946,383,6,1199.54,2,4,4,At Risk
16947,236,10,896.73,2,5,3,At Risk
16948,139,7,868.77,3,4,3,Loyal Customers
16949,4,7,1161.27,5,4,3,Loyal Customers
16950,57,12,3482.59,4,5,5,Champions
16951,123,4,1262.75,3,3,4,Loyal Customers
16952,109,5,795.83,3,4,3,Loyal Customers
16953,30,1,20.8,4,1,1,New Promising
16954,1,21,6037.33,5,5,5,Champions
16955,185,9,1072.06,2,4,3,At Risk
16956,9,2,292.34,5,2,2,New Promising
16957,239,2,416.64,2,2,2,Lost
16958,435,1,778.49,1,1,3,Cannot Lose Them
16959,87,1,117.35,3,1,1,Others
16960,39,9,1969.43,4,4,4,Champions
16961,116,6,773.01,3,4,3,Loyal Customers
16962,410,1,251.04,1,1,1,Lost
16963,187,1,110.55,2,1,1,Lost
16964,733,2,207.85,1,2,1,Lost
16965,227,1,201.19,2,1,1,Lost
16966,8,10,2148.47,5,5,4,Champions
16967,189,1,319.02,2,1,2,Lost
16968,4,2,439.43,5,2,2,New Promising
16969,39,3,650.41,4,3,3,Loyal Customers
16970,626,1,71.4,1,1,1,Lost
16971,3,2,232.21,5,2,1,New Promising
16972,383,2,749.0,2,2,3,Cannot Lose Them
16973,386,1,127.0,2,1,1,Lost
16974,523,2,365.5,1,2,2,Lost
16975,414,5,902.42,1,4,3,At Risk
16976,267,1,251.52,2,1,1,Lost
16977,395,4,496.0,2,3,2,At Risk
16978,78,3,768.88,3,3,3,Loyal Customers
16979,4,12,2787.09,5,5,4,Champions
16980,255,3,1422.83,2,3,4,At Risk
16982,61,1,384.06,3,1,2,Others
16983,13,12,3479.48,5,5,5,Champions
16984,78,19,10195.15,3,5,5,Loyal Customers
16985,17,26,10545.76,5,5,5,Champions
16986,30,11,4888.75,4,5,5,Champions
16987,3,12,2509.5,5,5,4,Champions
16988,5,2,382.67,5,2,2,New Promising
16989,7,6,1133.25,5,4,3,Loyal Customers
16990,219,2,344.0,2,2,2,Lost
16991,421,1,1041.21,1,1,3,Cannot Lose Them
16992,11,15,5460.1,5,5,5,Champions
16993,463,3,1688.15,1,3,4,At Risk
16996,30,13,2044.16,4,5,4,Champions
16997,288,3,702.0,2,3,3,At Risk
16998,150,7,394.02,3,4,2,Others
16999,23,2,484.82,4,2,2,New Promising
17000,396,2,406.3,2,2,2,Lost
17001,1,19,6640.8,5,5,5,Champions
17002,73,8,2565.6,3,4,4,Loyal Customers
17003,402,4,828.21,2,3,3,At Risk
17004,46,4,2324.36,4,3,4,Loyal Customers
17005,471,3,612.41,1,3,3,At Risk
17006,5,8,1635.27,5,4,4,Champions
17007,51,8,1107.6,4,4,3,Loyal Customers
17008,429,1,81.36,1,1,1,Lost
17009,551,1,242.06,1,1,1,Lost
17010,17,2,185.46,5,2,1,New Promising
17011,30,4,536.7,4,3,2,Others
17012,725,1,360.61,1,1,2,Lost
17014,8,4,562.68,5,3,2,Others
17015,29,3,1838.61,4,3,4,Loyal Customers
17016,577,1,552.4,1,1,2,Lost
17017,3,41,6553.79,5,5,5,Champions
17018,41,6,2287.7,4,4,4,Champions
17019,11,13,3541.59,5,5,5,Champions
17020,542,2,935.62,1,2,3,Cannot Lose Them
17021,442,6,1182.22,1,4,3,At Risk
17022,31,2,260.0,4,2,1,New Promising
17023,417,3,800.18,1,3,3,At Risk
17024,45,3,95.85,4,3,1,Others
17025,61,5,1349.67,3,4,4,Loyal Customers
17026,185,3,175.83,2,3,1,At Risk
17027,79,10,1268.93,3,5,4,Loyal Customers
17028,581,3,1593.83,1,3,4,At Risk
17029,111,7,2137.3,3,4,4,Loyal Customers
17030,64,1,146.87,3,1,1,Others
17031,12,6,2773.85,5,4,4,Champions
17032,442,13,2129.78,1,5,4,At Risk
17033,86,4,1332.79,3,3,4,Loyal Customers
17034,16,7,1231.82,5,4,4,Champions
17035,246,5,568.39,2,4,2,At Risk
17036,383,1,176.9,2,1,1,Lost
17037,78,2,1253.22,3,2,4,Others
17038,30,2,743.17,4,2,3,New Promising
17039,604,1,1954.99,1,1,4,Cannot Lose Them
17040,138,2,463.25,3,2,2,Others
17041,27,7,1639.4,4,4,4,Champions
17042,3,5,1036.58,5,4,3,Loyal Customers
17043,32,8,2593.65,4,4,4,Champions
17044,9,16,11867.6,5,5,5,Champions
17045,113,5,827.68,3,4,3,Loyal Customers
17046,157,5,1906.07,3,4,4,Loyal Customers
17047,85,6,2289.23,3,4,4,Loyal Customers
17048,115,11,1991.45,3,5,4,Loyal Customers
17049,3,25,9588.83,5,5,5,Champions
17050,96,12,4348.46,3,5,5,Loyal Customers
17051,194,4,706.49,2,3,3,At Risk
17052,28,1,399.09,4,1,2,New Promising
17053,129,2,496.38,3,2,2,Others
17054,28,6,1353.83,4,4,4,Champions
17055,446,1,232.85,1,1,1,Lost
17056,738,1,128.6,1,1,1,Lost
17057,596,1,294.74,1,1,2,Lost
17058,82,3,1179.89,3,3,3,Loyal Customers
17059,30,10,4846.87,4,5,5,Champions
17060,266,1,234.24,2,1,1,Lost
17061,74,12,5116.13,3,5,5,Loyal Customers
17062,314,7,885.85,2,4,3,At Risk
17063,9,23,3576.88,5,5,5,Champions
17064,59,3,855.45,3,3,3,Loyal Customers
17065,143,3,82.35,3,3,1,Others
17066,726,1,228.34,1,1,1,Lost
17067,725,3,454.54,1,3,2,At Risk
17068,12,49,8953.03,5,5,5,Champions
17069,28,21,5441.35,4,5,5,Champions
17070,114,2,437.42,3,2,2,Others
17071,9,20,3730.96,5,5,5,Champions
17072,625,1,273.35,1,1,1,Lost
17073,18,4,1446.09,5,3,4,Loyal Customers
17074,563,1,203.05,1,1,1,Lost
17075,18,11,2216.28,5,5,4,Champions
17076,36,6,1242.75,4,4,4,Champions
17077,578,1,306.0,1,1,2,Lost
17078,36,2,378.2,4,2,2,New Promising
17079,78,1,118.8,3,1,1,Others
17080,22,8,955.41,4,4,3,Loyal Customers
17081,25,6,949.39,4,4,3,Loyal Customers
17082,33,6,4732.03,4,4,5,Champions
17083,109,11,4035.08,3,5,5,Loyal Customers
17084,35,4,4997.96,4,3,5,Loyal Customers
17085,123,32,7713.67,3,5,5,Loyal Customers
17086,7,6,2050.08,5,4,4,Champions
17087,738,1,221.53,1,1,1,Lost
17088,28,4,1991.01,4,3,4,Loyal Customers
17089,386,1,128.45,2,1,1,Lost
17090,4,15,2986.64,5,5,5,Champions
17091,3,23,7462.15,5,5,5,Champions
17092,50,14,5479.76,4,5,5,Champions
17093,593,1,235.88,1,1,1,Lost
17094,318,3,370.4,2,3,2,At Risk
17095,22,12,2312.59,4,5,4,Champions
17096,9,17,3629.58,5,5,5,Champions
17097,2,10,1126.86,5,5,3,Loyal Customers
17098,382,3,591.07,2,3,2,At Risk
17099,533,1,582.17,1,1,2,Lost
17100,18,2,971.74,5,2,3,New Promising
17101,10,7,2507.05,5,4,4,Champions
17102,262,1,25.5,2,1,1,Lost
17103,722,1,424.3,1,1,2,Lost
17104,424,1,474.03,1,1,2,Lost
17105,159,2,665.78,3,2,3,Others
17106,389,1,481.58,2,1,2,Lost
17107,33,13,15595.37,4,5,5,Champions
17108,664,1,174.95,1,1,1,Lost
17109,29,10,1276.35,4,5,4,Champions
17110,165,3,499.9,3,3,2,Others
17111,47,2,459.58,4,2,2,New Promising
17112,503,1,197.57,1,1,1,Lost
17113,505,8,2092.16,1,4,4,At Risk
17114,6,10,739.72,5,5,3,Loyal Customers
17115,8,13,2616.29,5,5,4,Champions
17116,648,1,389.78,1,1,2,Lost
17117,288,1,116.2,2,1,1,Lost
17118,318,1,157.02,2,1,1,Lost
17119,3,3,593.61,5,3,2,Others
17120,233,1,307.46,2,1,2,Lost
17121,403,1,314.74,2,1,2,Lost
17122,119,4,570.5,3,3,2,Others
17123,162,3,977.17,3,3,3,Loyal Customers
17124,185,1,294.24,2,1,2,Lost
17125,50,1,230.5,4,1,1,New Promising
17126,152,11,2003.53,3,5,4,Loyal Customers
17127,429,5,1155.03,1,4,3,At Risk
17128,335,1,157.09,2,1,1,Lost
17129,520,1,31.85,1,1,1,Lost
17131,5,5,2463.17,5,4,4,Champions
17132,452,2,1220.91,1,2,4,Cannot Lose Them
17133,16,13,12972.09,5,5,5,Champions
17134,107,3,625.3,3,3,3,Loyal Customers
17135,16,11,1711.26,5,5,4,Champions
17136,662,1,231.68,1,1,1,Lost
17137,416,6,1099.81,1,4,3,At Risk
17138,276,7,4417.27,2,4,5,At Risk
17139,16,29,19473.91,5,5,5,Champions
17140,247,1,454.12,2,1,2,Lost
17141,418,4,727.58,1,3,3,At Risk
17142,239,4,1275.25,2,3,4,At Risk
17143,417,2,880.97,1,2,3,Cannot Lose Them
17144,1,2,984.57,5,2,3,New Promising
17145,465,7,3014.64,1,4,5,At Risk
17146,106,16,5788.39,3,5,5,Loyal Customers
17147,23,16,3069.15,4,5,5,Champions
17148,52,1,124.88,4,1,1,New Promising
17149,451,1,143.1,1,1,1,Lost
17150,377,6,1357.95,2,4,4,At Risk
17151,735,1,231.9,1,1,1,Lost
17152,195,5,1830.5,2,4,4,At Risk
17153,24,1,213.78,4,1,1,New Promising
17154,75,1,329.34,3,1,2,Others
17155,18,7,892.46,5,4,3,Loyal Customers
17156,484,2,572.07,1,2,2,Lost
17157,8,20,5139.45,5,5,5,Champions
17158,32,6,1962.3,4,4,4,Champions
17159,22,6,2095.44,4,4,4,Champions
17160,31,18,10201.36,4,5,5,Champions
17161,444,1,856.01,1,1,3,Cannot Lose Them
17162,29,11,1707.21,4,5,4,Champions
17163,22,4,699.78,4,3,3,Loyal Customers
17164,33,8,2466.4,4,4,4,Champions
17165,284,8,1783.63,2,4,4,At Risk
17166,39,3,189.49,4,3,1,Others
17167,380,3,867.11,2,3,3,At Risk
17168,499,1,400.2,1,1,2,Lost
17169,50,6,1129.88,4,4,3,Loyal Customers
17170,374,3,118.98,2,3,1,At Risk
17171,289,2,384.59,2,2,2,Lost
17172,75,6,910.99,3,4,3,Loyal Customers
17173,5,9,3755.65,5,4,5,Champions
17174,218,1,59.9,2,1,1,Lost
17175,44,5,1430.94,4,4,4,Champions
17176,202,3,902.32,2,3,3,At Risk
17177,505,1,119.5,1,1,1,Lost
17178,731,1,432.96,1,1,2,Lost
17179,178,6,1507.26,3,4,4,Loyal Customers
17180,56,14,2216.12,4,5,4,Champions
17181,57,3,309.85,4,3,2,Others
17182,423,2,321.3,1,2,2,Lost
17183,8,8,3286.91,5,4,5,Champions
17184,569,2,198.41,1,2,1,Lost
17185,592,3,229.46,1,3,1,At Risk
17186,47,2,144.0,4,2,1,New Promising
17187,227,2,467.71,2,2,2,Lost
17188,11,17,4361.83,5,5,5,Champions
17189,106,5,953.63,3,4,3,Loyal Customers
17190,59,8,1531.57,3,4,4,Loyal Customers
17191,28,16,4284.84,4,5,5,Champions
17192,536,1,75.28,1,1,1,Lost
17193,36,12,2254.6,4,5,4,Champions
17194,274,3,812.5,2,3,3,At Risk
17195,655,1,562.98,1,1,2,Lost
17196,428,1,327.75,1,1,2,Lost
17197,30,1,1013.01,4,1,3,New Promising
17198,24,3,692.22,4,3,3,Loyal Customers
17199,582,1,135.04,1,1,1,Lost
17200,387,4,356.71,2,3,2,At Risk
17201,54,5,1127.5,4,4,3,Loyal Customers
17202,421,1,160.65,1,1,1,Lost
17203,36,10,5564.09,4,5,5,Champions
17204,169,15,5263.69,3,5,5,Loyal Customers
17205,54,3,999.35,4,3,3,Loyal Customers
17206,53,1,204.24,4,1,1,New Promising
17207,652,1,292.62,1,1,2,Lost
17208,396,1,111.15,2,1,1,Lost
17209,649,3,595.7,1,3,2,At Risk
17210,393,1,251.72,2,1,1,Lost
17211,27,15,3728.8,4,5,5,Champions
17212,253,3,794.41,2,3,3,At Risk
17213,40,20,4766.03,4,5,5,Champions
17214,60,7,974.12,3,4,3,Loyal Customers
17215,464,1,186.15,1,1,1,Lost
17216,554,1,63.6,1,1,1,Lost
17217,234,2,210.1,2,2,1,Lost
17218,4,18,3891.39,5,5,5,Champions
17219,32,2,259.13,4,2,1,New Promising
17220,24,21,4457.31,4,5,5,Champions
17221,7,5,976.62,5,4,3,Loyal Customers
17222,65,6,1579.51,3,4,4,Loyal Customers
17223,310,3,558.04,2,3,2,At Risk
17224,501,1,100.86,1,1,1,Lost
17225,582,1,131.15,1,1,1,Lost
17226,309,3,895.47,2,3,3,At Risk
17227,19,12,1878.93,4,5,4,Champions
17228,16,13,2820.03,5,5,4,Champions
17229,96,2,318.76,3,2,2,Others
17230,264,23,9159.45,2,5,5,At Risk
17231,12,35,6958.83,5,5,5,Champions
17232,3,2,417.77,5,2,2,New Promising
17233,35,3,560.86,4,3,2,Others
17234,183,1,149.89,3,1,1,Others
17235,25,8,1562.98,4,4,4,Champions
17236,13,12,1929.26,5,5,4,Champions
17237,11,4,994.13,5,3,3,Loyal Customers
17238,3,32,7331.67,5,5,5,Champions
17239,313,6,1174.15,2,4,3,At Risk
17240,596,1,130.6,1,1,1,Lost
17241,385,12,2736.64,2,5,4,At Risk
17242,108,5,2889.28,3,4,5,Loyal Customers
17243,1,80,20022.93,5,5,5,Champions
17244,53,5,1826.04,4,4,4,Champions
17245,205,2,371.63,2,2,2,Lost
17246,547,2,38.92,1,2,1,Lost
17247,15,1,280.09,5,1,2,New Promising
17248,120,2,500.54,3,2,2,Others
17249,429,1,68.03,1,1,1,Lost
17250,4,2,381.97,5,2,2,New Promising
17251,363,4,790.28,2,3,3,At Risk
17252,117,2,348.91,3,2,2,Others
17253,18,1,178.26,5,1,1,New Promising
17254,5,3,469.48,5,3,2,Others
17255,41,4,781.7,4,3,3,Loyal Customers
17256,107,5,498.93,3,4,2,Others
17257,436,2,189.78,1,2,1,Lost
17258,397,2,417.3,2,2,2,Lost
17259,148,6,1452.39,3,4,4,Loyal Customers
17260,411,1,120.95,1,1,1,Lost
17261,510,1,221.59,1,1,1,Lost
17262,52,11,2488.76,4,5,4,Champions
17263,208,1,63.44,2,1,1,Lost
17264,424,1,268.28,1,1,1,Lost
17265,139,2,550.01,3,2,2,Others
17266,2,5,501.72,5,4,2,Others
17267,127,2,317.2,3,2,2,Others
17268,108,11,1733.89,3,5,4,Loyal Customers
17269,386,1,491.81,2,1,2,Lost
17270,469,2,601.45,1,2,3,Cannot Lose Them
17271,736,1,204.3,1,1,1,Lost
17272,42,5,2144.53,4,4,4,Champions
17273,424,1,141.12,1,1,1,Lost
17274,35,2,573.22,4,2,2,New Promising
17275,383,1,114.1,2,1,1,Lost
17276,400,2,445.44,2,2,2,Lost
17277,228,2,1065.35,2,2,3,Cannot Lose Them
17278,241,2,271.24,2,2,1,Lost
17279,58,1,187.83,3,1,1,Others
17280,438,1,118.86,1,1,1,Lost
17281,374,6,797.85,2,4,3,At Risk
17282,130,5,2308.54,3,4,4,Loyal Customers
17283,379,1,188.46,2,1,1,Lost
17284,60,11,2323.12,3,5,4,Loyal Customers
17285,628,2,407.94,1,2,2,Lost
17286,22,3,389.18,4,3,2,Others
17287,26,23,3810.61,4,5,5,Champions
17288,9,11,2468.43,5,5,4,Champions
17289,32,11,2032.3,4,5,4,Champions
17290,4,8,1487.96,5,4,4,Champions
17291,308,1,550.8,2,1,2,Lost
17292,472,2,271.75,1,2,1,Lost
17293,8,17,3750.63,5,5,5,Champions
17294,669,2,467.79,1,2,2,Lost
17295,29,3,547.0,4,3,2,Others
17296,730,1,338.13,1,1,2,Lost
17297,17,1,128.18,5,1,1,New Promising
17298,101,6,949.22,3,4,3,Loyal Customers
17299,12,6,993.23,5,4,3,Loyal Customers
17300,391,2,393.64,2,2,2,Lost
17301,21,2,294.39,4,2,2,New Promising
17302,15,6,1119.93,5,4,3,Loyal Customers
17303,361,1,250.04,2,1,1,Lost
17304,534,1,111.5,1,1,1,Lost
17305,649,1,2135.46,1,1,4,Cannot Lose Them
17306,11,23,9751.77,5,5,5,Champions
17307,365,15,3378.31,2,5,5,At Risk
17308,393,2,4511.76,2,2,5,Cannot Lose Them
17309,95,3,320.39,3,3,2,Others
17310,387,2,1025.1,2,2,3,Cannot Lose Them
17311,78,7,3490.66,3,4,5,Loyal Customers
17312,139,3,644.3,3,3,3,Loyal Customers
17313,18,2,2288.13,5,2,4,New Promising
17314,25,22,4514.7,4,5,5,Champions
17315,1,49,9507.53,5,5,5,Champions
17316,420,1,124.45,1,1,1,Lost
17317,46,5,2524.02,4,4,4,Champions
17318,725,1,157.33,1,1,1,Lost
17319,669,1,29.1,1,1,1,Lost
17320,100,6,2444.85,3,4,4,Loyal Customers
17321,8,6,1665.21,5,4,4,Champions
17322,376,7,900.64,2,4,3,At Risk
17323,15,14,1538.96,5,5,4,Champions
17324,18,13,2018.07,5,5,4,Champions
17325,280,3,609.57,2,3,3,At Risk
17326,408,2,312.35,1,2,2,Lost
17327,410,2,152.35,1,2,1,Lost
17328,673,1,104.7,1,1,1,Lost
17329,14,5,998.53,5,4,3,Loyal Customers
17330,23,4,423.8,4,3,2,Others
17331,124,1,175.2,3,1,1,Others
17332,528,5,838.27,1,4,3,At Risk
17333,86,1,494.25,3,1,2,Others
17334,301,4,634.73,2,3,3,At Risk
17335,384,2,497.04,2,2,2,Lost
17336,472,1,81.12,1,1,1,Lost
17337,151,7,1897.51,3,4,4,Loyal Customers
17338,17,20,11783.33,5,5,5,Champions
17339,94,4,243.36,3,3,1,Others
17340,9,30,18891.89,5,5,5,Champions
17341,157,5,1272.21,3,4,4,Loyal Customers
17342,374,7,1155.84,2,4,3,At Risk
17343,355,6,1259.94,2,4,4,At Risk
17344,46,3,443.86,4,3,2,Others
17345,15,12,1466.33,5,5,4,Champions
17346,4,27,4933.63,5,5,5,Champions
17347,86,1,228.96,3,1,1,Others
17348,15,9,2442.29,5,4,4,Champions
17349,179,5,772.41,3,4,3,Loyal Customers
17350,8,8,1863.82,5,4,4,Champions
17351,36,12,1988.23,4,5,4,Champions
17352,696,1,36.25,1,1,1,Lost
17353,129,7,3155.55,3,4,5,Loyal Customers
17354,51,4,3133.96,4,3,5,Loyal Customers
17355,386,1,273.31,2,1,1,Lost
17356,312,5,946.47,2,4,3,At Risk
17357,24,2,384.39,4,2,2,New Promising
17358,303,5,861.01,2,4,3,At Risk
17359,11,2,284.46,5,2,2,New Promising
17360,17,7,1170.56,5,4,3,Loyal Customers
17361,49,5,871.79,4,4,3,Loyal Customers
17362,239,8,1010.54,2,4,3,At Risk
17363,395,3,920.46,2,3,3,At Risk
17364,1,31,11587.05,5,5,5,Champions
17365,13,16,8165.34,5,5,5,Champions
17366,392,3,1075.59,2,3,3,At Risk
17367,238,1,167.55,2,1,1,Lost
17368,23,16,2145.39,4,5,4,Champions
17369,456,1,979.2,1,1,3,Cannot Lose Them
17370,73,4,446.18,3,3,2,Others
17371,17,6,655.37,5,4,3,Loyal Customers
17372,41,31,4295.18,4,5,5,Champions
17373,40,7,1167.5,4,4,3,Loyal Customers
17374,219,4,711.21,2,3,3,At Risk
17375,190,5,632.95,2,4,3,At Risk
17376,71,4,453.64,3,3,2,Others
17377,24,91,17176.27,4,5,5,Champions
17379,11,1,389.72,5,1,2,New Promising
17380,434,4,643.75,1,3,3,At Risk
17381,9,39,36395.47,5,5,5,Champions
17382,65,8,902.28,3,4,3,Loyal Customers
17383,4,2,304.09,5,2,2,New Promising
17384,19,3,507.55,4,3,2,Others
17385,15,1,256.11,5,1,1,New Promising
17386,8,7,2812.77,5,4,4,Champions
17387,20,2,746.81,4,2,3,New Promising
17388,78,11,2675.37,3,5,4,Loyal Customers
17389,1,77,54577.68,5,5,5,Champions
17390,421,1,149.3,1,1,1,Lost
17391,164,2,508.8,3,2,2,Others
17392,307,3,585.92,2,3,2,At Risk
17393,411,2,381.15,1,2,2,Lost
17394,219,1,203.87,2,1,1,Lost
17395,508,1,97.5,1,1,1,Lost
17396,39,16,8177.1,4,5,5,Champions
17397,22,3,1198.28,4,3,4,Loyal Customers
17398,115,3,653.38,3,3,3,Loyal Customers
17400,126,8,4623.28,3,4,5,Loyal Customers
17401,541,1,114.85,1,1,1,Lost
17402,5,26,4601.41,5,5,5,Champions
17403,36,2,382.87,4,2,2,New Promising
17404,4,28,46006.82,5,5,5,Champions
17405,1,5,967.22,5,4,3,Loyal Customers
17406,330,18,3874.0,2,5,5,At Risk
17407,412,1,552.9,1,2,2,Lost
17408,163,4,164.89,3,3,1,Others
17409,185,10,7793.51,2,5,5,At Risk
17410,16,5,1214.72,5,4,4,Champions
17411,12,9,1316.53,5,4,4,Champions
17412,3,19,4187.68,5,5,5,Champions
17413,405,2,560.14,2,2,2,Lost
17414,44,6,2249.52,4,4,4,Champions
17415,80,1,507.84,3,2,2,Others
17416,30,25,17221.47,4,5,5,Champions
17417,549,1,164.18,1,2,1,Lost
17418,42,3,670.06,4,3,3,Loyal Customers
17419,11,20,6100.65,5,5,5,Champions
17420,50,8,943.68,4,4,3,Loyal Customers
17421,386,3,1059.41,2,3,3,At Risk
17422,16,20,3341.65,5,5,5,Champions
17423,45,5,1084.17,4,4,3,Loyal Customers
17425,19,2,759.17,4,2,3,New Promising
17426,4,17,7606.37,5,5,5,Champions
17427,72,1,100.8,3,2,1,Others
17428,1,51,30885.06,5,5,5,Champions
17429,121,7,1342.16,3,4,4,Loyal Customers
17430,33,4,622.57,4,3,3,Loyal Customers
17431,313,1,403.3,2,2,2,Lost
17432,18,9,1728.99,5,4,4,Champions
17433,88,2,569.96,3,2,2,Others
17434,2,9,2333.42,5,4,4,Champions
17435,411,1,331.35,1,2,2,Lost
17436,2,7,521.31,5,4,2,Others
17437,530,1,369.68,1,2,2,Lost
17438,247,6,1412.62,2,4,4,At Risk
17439,656,1,325.74,1,2,2,Lost
17440,148,6,314.26,3,4,2,Others
17441,732,1,293.35,1,2,2,Lost
17442,29,23,4517.7,4,5,5,Champions
17443,220,1,534.24,2,2,2,Lost
17444,148,3,2940.04,3,3,5,Loyal Customers
17446,177,2,120.9,3,2,1,Others
17447,40,2,541.53,4,2,2,New Promising
17448,145,54,10162.38,3,5,5,Loyal Customers
17449,2,14,4852.15,5,5,5,Champions
17450,8,61,231390.55,5,5,5,Champions
17451,1,10,1648.95,5,5,4,Champions
17453,18,2,486.72,5,2,2,New Promising
17454,192,11,1532.64,2,5,4,At Risk
17455,204,1,131.7,2,2,1,Lost
17456,365,2,975.56,2,2,3,Cannot Lose Them
17457,127,18,5799.01,3,5,5,Loyal Customers
17458,15,2,529.58,5,2,2,New Promising
17459,43,2,657.3,4,2,3,New Promising
17460,79,21,1937.1,3,5,4,Loyal Customers
17461,23,3,735.82,4,3,3,Loyal Customers
17462,51,3,662.94,4,3,3,Loyal Customers
17463,16,9,2515.26,5,4,4,Champions
17464,158,4,816.54,3,3,3,Loyal Customers
17465,426,9,2533.64,1,4,4,At Risk
17466,10,2,763.28,5,2,3,New Promising
17467,395,1,102.6,2,2,1,Lost
17468,10,3,194.8,5,3,1,Others
17469,16,22,4958.34,5,5,5,Champions
17470,45,11,2626.47,4,5,4,Champions
17471,475,1,321.65,1,2,2,Lost
17472,191,4,922.35,2,3,3,At Risk
17473,401,3,592.15,2,3,2,At Risk
17474,600,1,1047.0,1,2,3,Cannot Lose Them
17475,79,1,194.37,3,2,1,Others
17476,393,4,446.51,2,3,2,At Risk
17477,613,5,1079.0,1,4,3,At Risk
17478,408,2,1272.8,1,2,4,Cannot Lose Them
17479,633,1,389.26,1,2,2,Lost
17480,74,3,876.92,3,3,3,Loyal Customers
17481,4,5,1249.34,5,4,4,Champions
17482,487,2,775.64,1,2,3,Cannot Lose Them
17483,65,4,591.73,3,3,2,Others
17484,576,2,209.57,1,2,1,Lost
17486,261,1,396.87,2,2,2,Lost
17487,728,1,160.55,1,2,1,Lost
17488,641,1,336.5,1,2,2,Lost
17489,59,2,376.64,3,2,2,Others
17490,1,13,2585.06,5,5,4,Champions
17491,1,18,5636.72,5,5,5,Champions
17492,248,3,1122.42,2,3,3,At Risk
17493,385,1,100.91,2,2,1,Lost
17494,502,1,54.7,1,2,1,Lost
17495,8,4,759.07,5,3,3,Loyal Customers
17496,359,5,1385.89,2,4,4,At Risk
17497,390,2,287.25,2,2,2,Lost
17498,76,1,272.22,3,2,1,Others
17499,290,3,1296.84,2,3,4,At Risk
17500,17,3,1138.0,5,3,3,Loyal Customers
17501,221,2,288.6,2,2,2,Lost
17502,9,4,689.1,5,3,3,Loyal Customers
17503,3,2,558.96,5,2,2,New Promising
17504,206,19,9238.42,2,5,5,At Risk
17505,162,5,2435.48,3,4,4,Loyal Customers
17506,70,2,294.29,3,2,2,Others
17507,262,2,605.58,2,2,3,Cannot Lose Them
17508,281,9,4546.78,2,4,5,At Risk
17509,58,11,6069.24,3,5,5,Loyal Customers
17510,25,2,514.56,4,2,2,New Promising
17511,3,85,168491.62,5,5,5,Champions
17512,29,20,5432.27,4,5,5,Champions
17513,72,3,1158.8,3,3,3,Loyal Customers
17514,128,2,522.0,3,2,2,Others
17515,31,9,1602.51,4,4,4,Champions
17516,15,6,947.5,5,4,3,Loyal Customers
17517,309,1,153.94,2,2,1,Lost
17518,426,2,329.42,1,2,2,Lost
17519,17,17,4767.5,5,5,5,Champions
17520,54,1,546.81,4,2,2,New Promising
17521,24,6,1276.81,4,4,4,Champions
17522,2,5,1070.71,5,4,3,Loyal Customers
17523,11,4,652.74,5,3,3,Loyal Customers
17524,361,4,508.9,2,3,2,At Risk
17525,360,3,1161.9,2,3,3,At Risk
17526,1,16,3450.04,5,5,5,Champions
17527,54,6,888.86,4,4,3,Loyal Customers
17528,1,11,3540.1,5,5,5,Champions
17529,610,2,1240.25,1,2,4,Cannot Lose Them
17530,1,13,2790.74,5,5,4,Champions
17531,121,9,1191.22,3,4,4,Loyal Customers
17532,386,1,65.34,2,2,1,Lost
17533,435,1,34.8,1,2,1,Lost
17534,54,5,1668.83,4,4,4,Champions
17535,280,1,164.4,2,2,1,Lost
17536,177,3,364.83,3,3,2,Others
17537,30,2,887.67,4,2,3,New Promising
17538,26,1,98.42,4,2,1,New Promising
17539,617,7,997.34,1,4,3,At Risk
17540,9,7,1582.1,5,4,4,Champions
17541,510,1,119.86,1,2,1,Lost
17542,270,3,340.85,2,3,2,At Risk
17543,550,1,120.05,1,2,1,Lost
17544,390,3,944.82,2,3,3,At Risk
17545,43,6,1409.86,4,4,4,Champions
17547,372,4,692.35,2,3,3,At Risk
17548,218,6,486.48,2,4,2,At Risk
17549,24,2,148.86,4,2,1,New Promising
17550,197,10,2165.54,2,5,4,At Risk
17551,359,1,290.34,2,2,2,Lost
17552,43,16,2740.68,4,5,4,Champions
17553,130,4,3757.6,3,3,5,Loyal Customers
17554,1,5,1952.45,5,4,4,Champions
17555,20,5,1045.74,4,4,3,Loyal Customers
17556,206,2,300.67,2,2,2,Lost
17557,14,4,575.46,5,3,2,Others
17558,393,1,259.17,2,2,1,Lost
17559,513,1,167.62,1,2,1,Lost
17560,95,9,1895.8,3,4,4,Loyal Customers
17561,19,4,703.02,4,3,3,Loyal Customers
17562,14,8,1107.38,5,4,3,Loyal Customers
17563,578,5,309.28,1,4,2,At Risk
17564,24,3,454.01,4,3,2,Others
17565,587,1,131.83,1,2,1,Lost
17566,8,2,869.77,5,2,3,New Promising
17567,7,11,4519.16,5,5,5,Champions
17568,633,1,374.45,1,2,2,Lost
17569,332,1,344.14,2,2,2,Lost
17571,50,5,1630.91,4,4,4,Champions
17572,71,10,652.21,3,5,3,Loyal Customers
17573,29,4,362.9,4,3,2,Others
17574,243,1,185.65,2,2,1,Lost
17575,667,1,171.7,1,2,1,Lost
17576,8,45,8540.8,5,5,5,Champions
17577,645,2,348.75,1,2,2,Lost
17578,191,10,1003.73,2,5,3,At Risk
17579,5,5,744.58,5,4,3,Loyal Customers
17580,253,5,541.02,2,4,2,At Risk
17581,1,53,17440.89,5,5,5,Champions
17582,236,6,1429.95,2,4,4,At Risk
17583,560,1,135.95,1,2,1,Lost
17584,7,7,5294.42,5,4,5,Champions
17585,109,7,2064.71,3,4,4,Loyal Customers
17586,619,1,167.4,1,2,1,Lost
17587,628,1,176.71,1,2,1,Lost
17588,100,9,2901.65,3,4,5,Loyal Customers
17589,60,21,13692.89,3,5,5,Loyal Customers
17590,2,3,1468.02,5,3,4,Loyal Customers
17591,73,9,2328.37,3,4,4,Loyal Customers
17593,4,15,8040.52,5,5,5,Champions
17594,85,4,2497.88,3,3,4,Loyal Customers
17595,12,2,386.69,5,2,2,New Promising
17596,23,14,4478.11,4,5,5,Champions
17597,214,7,3425.29,2,4,5,At Risk
17598,381,1,409.98,2,2,2,Lost
17599,465,3,44.55,1,3,1,At Risk
17600,18,1,161.67,5,2,1,New Promising
17601,239,2,413.08,2,2,2,Lost
17602,2,18,7240.73,5,5,5,Champions
17603,50,11,114.91,4,5,1,Others
17604,217,6,942.38,2,4,3,At Risk
17605,590,1,160.75,1,2,1,Lost
17606,737,1,87.3,1,2,1,Lost
17607,376,1,333.81,2,2,2,Lost
17608,33,4,488.06,4,3,2,Others
17609,41,14,1752.55,4,5,4,Champions
17610,540,8,1410.29,1,4,4,At Risk
17611,4,35,8170.93,5,5,5,Champions
17612,53,32,5156.14,4,5,5,Champions
17613,23,17,4494.77,4,5,5,Champions
17614,57,1,386.32,4,2,2,New Promising
17615,130,7,714.3,3,4,3,Loyal Customers
17616,174,4,734.4,3,3,3,Loyal Customers
17617,559,2,227.14,1,2,1,Lost
17618,6,13,3976.34,5,5,5,Champions
17619,312,1,214.37,2,2,1,Lost
17620,60,1,81.44,3,2,1,Others
17621,21,8,3029.32,4,4,5,Champions
17622,597,3,1125.17,1,3,3,At Risk
17623,33,7,2365.77,4,4,4,Champions
17624,15,4,1568.63,5,3,4,Loyal Customers
17625,18,8,5978.9,5,4,5,Champions
17626,603,1,254.0,1,2,1,Lost
17627,479,2,285.11,1,2,2,Lost
17628,81,1,75.75,3,2,1,Others
17629,6,11,2425.52,5,5,4,Champions
17630,170,2,503.6,3,2,2,Others
17631,2,7,998.49,5,4,3,Loyal Customers
17633,31,9,1974.89,4,4,4,Champions
17634,36,9,2358.59,4,4,4,Champions
17635,424,4,1256.83,1,3,4,At Risk
17636,9,2,265.93,5,2,1,New Promising
17637,31,2,547.06,4,2,2,New Promising
17638,647,2,842.4,1,2,3,Cannot Lose Them
17639,276,6,615.17,2,4,3,At Risk
17640,87,8,3107.59,3,4,5,Loyal Customers
17642,120,5,1824.49,3,4,4,Loyal Customers
17643,373,2,439.7,2,2,2,Lost
17644,1,28,5864.54,5,5,5,Champions
17646,219,16,3843.16,2,5,5,At Risk
17647,65,3,331.66,3,3,2,Others
17648,61,6,2208.42,3,4,4,Loyal Customers
17649,135,5,1542.44,3,4,4,Loyal Customers
17650,21,1,166.08,4,2,1,New Promising
17651,12,22,5632.59,5,5,5,Champions
17652,25,18,4737.13,4,5,5,Champions
17653,29,5,1175.88,4,4,3,Loyal Customers
17654,277,1,117.55,2,2,1,Lost
17655,11,10,2909.18,5,5,5,Champions
17656,73,5,1674.69,3,4,4,Loyal Customers
17657,430,1,126.0,1,2,1,Lost
17658,11,3,485.88,5,3,2,Others
17659,4,17,3536.33,5,5,5,Champions
17660,141,2,342.22,3,2,2,Others
17662,662,2,412.92,1,2,2,Lost
17663,26,23,5081.04,4,5,5,Champions
17664,19,4,1166.23,4,3,3,Loyal Customers
17665,493,1,563.1,1,2,2,Lost
17666,4,5,2047.8,5,4,4,Champions
17667,66,12,3883.8,3,5,5,Loyal Customers
17668,1,2,347.75,5,2,2,New Promising
17669,43,10,6142.35,4,5,5,Champions
17670,228,1,205.7,2,2,1,Lost
17671,16,7,1720.53,5,4,4,Champions
17672,44,9,5707.08,4,4,5,Champions
17673,1,15,4156.63,5,5,5,Champions
17674,74,2,551.04,3,2,2,Others
17675,1,90,37064.32,5,5,5,Champions
17676,4,13,2405.32,5,5,4,Champions
17677,2,91,34232.18,5,5,5,Champions
17678,264,3,579.81,2,3,2,At Risk
17679,53,11,3166.56,4,5,5,Champions
17680,24,4,462.5,4,3,2,Others
17681,597,6,529.6,1,4,2,At Risk
17682,10,12,4050.28,5,5,5,Champions
17683,386,3,819.01,2,3,3,At Risk
17684,44,1,239.41,4,2,1,New Promising
17685,17,14,5439.95,5,5,5,Champions
17686,7,9,8296.81,5,4,5,Champions
17687,421,1,432.68,1,2,2,Lost
17688,375,2,286.5,2,2,2,Lost
17689,388,2,317.08,2,2,2,Lost
17690,30,21,6954.3,4,5,5,Champions
17691,358,5,627.35,2,4,3,At Risk
17692,127,14,2962.4,3,5,5,Loyal Customers
17693,136,3,187.02,3,3,1,Others
17694,142,3,1695.97,3,3,4,Loyal Customers
17695,132,6,1720.54,3,4,4,Loyal Customers
17696,38,48,7380.89,4,5,5,Champions
17697,236,1,338.95,2,2,2,Lost
17698,261,1,154.95,2,2,1,Lost
17699,477,2,442.0,1,2,2,Lost
17700,17,17,6640.72,5,5,5,Champions
17701,253,1,417.95,2,2,2,Lost
17702,30,9,2999.94,4,4,5,Champions
17703,35,4,1094.84,4,3,3,Loyal Customers
17704,169,2,885.19,3,2,3,Others
17705,3,12,2041.5,5,5,4,Champions
17706,4,43,19066.07,5,5,5,Champions
17707,185,9,605.05,2,4,3,At Risk
17708,188,4,884.18,2,3,3,At Risk
17709,170,5,671.01,3,4,3,Loyal Customers
17710,424,1,293.5,1,2,2,Lost
17711,11,2,385.1,5,2,2,New Promising
17712,45,1,522.91,4,2,2,New Promising
17713,382,4,1198.09,2,3,4,At Risk
17714,321,9,1376.58,2,4,4,At Risk
17715,201,2,489.6,2,2,2,Lost
17716,23,27,15671.32,4,5,5,Champions
17717,421,1,376.92,1,2,2,Lost
17718,232,3,386.98,2,3,2,At Risk
17719,38,18,5367.8,4,5,5,Champions
17720,26,12,2613.06,4,5,4,Champions
17721,659,1,307.21,1,2,2,Lost
17722,96,7,3476.82,3,4,5,Loyal Customers
17723,127,7,3378.4,3,4,5,Loyal Customers
17724,58,4,995.65,3,3,3,Loyal Customers
17725,16,14,3371.13,5,5,5,Champions
17726,395,8,1089.56,2,4,3,At Risk
17727,9,2,1042.55,5,2,3,New Promising
17728,4,8,3861.13,5,4,5,Champions
17729,596,1,438.65,1,2,2,Lost
17730,3,23,7757.35,5,5,5,Champions
17731,79,7,1347.08,3,4,4,Loyal Customers
17732,373,10,2144.17,2,5,4,At Risk
17733,39,2,692.19,4,2,3,New Promising
17734,54,6,1442.32,4,4,4,Champions
17735,2,29,16707.98,5,5,5,Champions
17736,9,4,337.49,5,3,2,Others
17737,9,2,168.24,5,2,1,New Promising
17738,19,15,4145.36,4,5,5,Champions
17739,12,20,7718.14,5,5,5,Champions
17740,389,6,426.9,2,4,2,At Risk
17741,407,2,101.1,2,2,1,Lost
17742,113,11,2098.48,3,5,4,Loyal Customers
17743,442,2,208.85,1,2,1,Lost
17744,4,8,2617.82,5,4,4,Champions
17745,478,2,600.34,1,2,3,Cannot Lose Them
17746,235,7,873.43,2,4,3,At Risk
17747,100,2,64.65,3,2,1,Others
17748,527,1,358.15,1,2,2,Lost
17749,178,3,1026.18,3,3,3,Loyal Customers
17750,5,9,1710.45,5,4,4,Champions
17751,421,1,157.86,1,2,1,Lost
17752,359,1,80.64,2,2,1,Lost
17753,464,5,379.56,1,4,2,At Risk
17754,1,16,4383.08,5,5,5,Champions
17756,376,3,728.75,2,3,3,At Risk
17757,1,60,8994.44,5,5,5,Champions
17758,19,12,4964.03,4,5,5,Champions
17759,17,5,1261.88,5,4,4,Champions
17760,22,7,739.14,4,4,3,Loyal Customers
17761,33,1,712.78,4,2,3,New Promising
17762,456,1,129.75,1,2,1,Lost
17763,263,5,51.15,2,4,1,At Risk
17764,51,5,1513.57,4,4,4,Champions
17765,159,4,524.0,3,3,2,Others
17766,381,2,299.61,2,2,2,Lost
17767,15,2,413.05,5,2,2,New Promising
17768,8,8,3287.78,5,4,5,Champions
17769,13,21,6944.96,5,5,5,Champions
17770,199,5,1143.27,2,4,3,At Risk
17771,57,4,387.41,4,3,2,Others
17772,11,3,360.75,5,3,2,Others
17773,514,2,575.37,1,2,2,Lost
17774,97,13,2891.48,3,5,5,Loyal Customers
17775,255,1,56.4,2,2,1,Lost
17776,387,3,323.81,2,3,2,At Risk
17777,25,3,647.56,4,3,3,Loyal Customers
17778,662,1,197.7,1,2,1,Lost
17779,21,5,633.92,4,4,3,Loyal Customers
17780,667,3,346.56,1,3,2,At Risk
17781,159,2,188.02,3,2,1,Others
17782,383,2,679.02,2,2,3,Cannot Lose Them
17783,72,3,376.96,3,3,2,Others
17784,550,1,112.86,1,2,1,Lost
17785,53,3,403.38,4,3,2,Others
17786,85,2,266.85,3,2,1,Others
17787,153,4,1817.54,3,3,4,Loyal Customers
17788,74,2,1117.9,3,2,3,Others
17789,281,2,397.15,2,2,2,Lost
17790,27,20,2779.41,4,5,4,Champions
17791,30,1,106.1,4,2,1,New Promising
17792,467,2,368.35,1,2,2,Lost
17793,25,1,300.34,4,2,2,New Promising
17794,687,2,147.3,1,2,1,Lost
17795,180,2,342.83,3,2,2,Others
17796,40,7,1236.39,4,4,4,Champions
17797,22,8,1971.87,4,4,4,Champions
17798,582,1,178.07,1,2,1,Lost
17799,22,23,6121.78,4,5,5,Champions
17800,37,9,1187.21,4,4,3,Loyal Customers
17801,451,4,767.48,1,3,3,At Risk
17802,82,16,4808.94,3,5,5,Loyal Customers
17803,392,1,184.66,2,2,1,Lost
17804,376,4,378.68,2,3,2,At Risk
17805,74,2,927.03,3,2,3,Others
17806,11,1,546.04,5,2,2,New Promising
17807,395,3,437.87,2,3,2,At Risk
17808,549,4,262.64,1,3,1,At Risk
17809,16,24,9247.35,5,5,5,Champions
17810,669,3,343.21,1,3,2,At Risk
17811,4,60,9358.53,5,5,5,Champions
17812,13,7,911.99,5,4,3,Loyal Customers
17813,14,7,1641.79,5,4,4,Champions
17814,375,2,1609.37,2,2,4,Cannot Lose Them
17815,393,1,591.96,2,2,2,Lost
17816,37,6,96.11,4,4,1,Others
17817,4,7,781.45,5,4,3,Loyal Customers
17818,738,1,124.78,1,2,1,Lost
17819,72,13,5977.25,3,5,5,Loyal Customers
17820,191,3,156.56,2,3,1,At Risk
17821,406,1,334.62,2,2,2,Lost
17822,420,5,2162.93,1,4,4,At Risk
17823,421,2,449.25,1,2,2,Lost
17824,51,1,298.4,4,2,2,New Promising
17825,599,4,701.96,1,3,3,At Risk
17826,374,1,133.34,2,2,1,Lost
17827,5,7,2369.42,5,4,4,Champions
17828,9,9,1599.97,5,4,4,Champions
17829,299,6,4680.42,2,4,5,At Risk
17830,2,3,398.7,5,3,2,Others
17831,33,1,35.4,4,2,1,New Promising
17832,50,1,155.37,4,2,1,New Promising
17833,723,1,338.46,1,2,2,Lost
17834,415,2,689.67,1,2,3,Cannot Lose Them
17835,3,3,342.24,5,3,2,Others
17836,47,1,110.21,4,2,1,New Promising
17837,42,10,1508.38,4,5,4,Champions
17838,27,15,5134.49,4,5,5,Champions
17839,42,1,318.15,4,2,2,New Promising
17840,444,1,175.9,1,2,1,Lost
17841,2,289,67186.87,5,5,5,Champions
17842,602,1,430.69,1,2,2,Lost
17843,303,2,320.4,2,2,2,Lost
17844,107,1,51.56,3,2,1,Others
17845,555,4,596.09,1,3,2,At Risk
17846,85,1,2033.1,3,2,4,Others
17847,516,2,129.69,1,2,1,Lost
17848,81,31,3546.36,3,5,5,Loyal Customers
17849,218,8,1063.76,2,4,3,At Risk
17850,302,159,50407.77,2,5,5,At Risk
17851,422,6,1552.35,1,4,4,At Risk
17852,12,5,657.81,5,4,3,Loyal Customers
17853,407,3,1596.29,2,3,4,At Risk
17854,185,6,1068.5,2,4,3,At Risk
17855,373,1,208.97,2,2,1,Lost
17856,2,6,1393.79,5,4,4,Champions
17857,3,26,27231.34,5,5,5,Champions
17858,6,32,12444.3,5,5,5,Champions
17859,305,1,141.92,2,2,1,Lost
17860,369,4,717.39,2,3,3,At Risk
17861,3,22,5025.19,5,5,5,Champions
17862,324,4,1254.89,2,3,4,At Risk
17863,59,12,5360.48,3,5,5,Loyal Customers
17864,13,5,876.57,5,4,3,Loyal Customers
17865,31,62,25586.85,4,5,5,Champions
17866,143,4,1131.0,3,3,3,Loyal Customers
17867,30,20,856.55,4,5,3,Loyal Customers
17868,386,1,227.15,2,2,1,Lost
17869,107,7,813.64,3,4,3,Loyal Customers
17870,2,14,2748.34,5,5,4,Champions
17871,205,5,1068.95,2,4,3,At Risk
17872,382,1,235.87,2,2,1,Lost
17873,80,20,5979.01,3,5,5,Loyal Customers
17874,185,7,658.26,2,4,3,At Risk
17875,688,1,167.1,1,2,1,Lost
17876,400,3,3424.02,2,3,5,At Risk
17877,170,1,237.61,3,2,1,Others
17878,44,3,1378.93,4,3,4,Loyal Customers
17879,174,1,178.52,3,2,1,Others
17880,365,3,824.92,2,3,3,At Risk
17881,304,1,133.35,2,2,1,Lost
17882,379,2,291.56,2,2,2,Lost
17883,3,8,972.52,5,4,3,Loyal Customers
17884,4,23,2654.47,5,5,4,Champions
17885,12,1,156.34,5,2,1,New Promising
17886,32,7,1562.6,4,4,4,Champions
17887,129,1,111.35,3,2,1,Others
17888,19,31,1305.9,4,5,4,Champions
17889,212,7,746.42,2,4,3,At Risk
17890,323,2,586.89,2,2,2,Lost
17891,162,1,203.86,3,2,1,Others
17892,56,3,244.1,4,3,1,Others
17893,225,1,107.21,2,2,1,Lost
17894,72,20,2248.86,3,5,4,Loyal Customers
17895,44,1,95.45,4,2,1,New Promising
17896,23,1,256.32,4,2,1,New Promising
17897,173,10,2074.39,3,5,4,Loyal Customers
17898,85,4,299.18,3,3,2,Others
17899,159,1,154.55,3,2,1,Others
17900,165,4,15.0,3,3,1,Others
17901,29,3,260.08,4,3,1,Others
17902,547,1,216.4,1,2,1,Lost
17903,394,1,381.09,2,2,2,Lost
17904,21,2,168.32,4,2,1,New Promising
17905,71,14,2169.57,3,5,4,Loyal Customers
17906,247,1,72.9,2,2,1,Lost
17907,641,1,291.76,1,2,2,Lost
17908,374,7,1088.82,2,4,3,At Risk
17909,737,1,110.05,1,2,1,Lost
17910,726,1,261.7,1,2,1,Lost
17911,9,1,366.23,5,2,2,New Promising
17912,310,7,359.15,2,4,2,At Risk
17913,59,14,3429.29,3,5,5,Loyal Customers
17914,4,1,329.36,5,2,2,New Promising
17915,551,1,225.78,1,2,1,Lost
17916,629,2,43.87,1,2,1,Lost
17917,45,3,335.03,4,3,2,Others
17918,501,3,396.39,1,3,2,At Risk
17919,88,2,1840.32,3,2,4,Others
17920,4,56,23575.23,5,5,5,Champions
17921,64,12,2354.21,3,5,4,Loyal Customers
17922,543,1,170.4,1,2,1,Lost
17923,282,3,497.0,2,3,2,At Risk
17924,1,14,3189.53,5,5,5,Champions
17925,373,1,244.08,2,2,1,Lost
17926,133,5,1035.49,3,4,3,Loyal Customers
17927,722,1,294.0,1,2,2,Lost
17928,45,3,341.24,4,3,2,Others
17929,11,13,3073.6,5,5,5,Champions
17930,36,15,4242.92,4,5,5,Champions
17931,134,18,3270.91,3,5,5,Loyal Customers
17932,29,3,1331.57,4,3,4,Loyal Customers
17933,632,1,114.69,1,2,1,Lost
17934,52,3,1049.15,4,3,3,Loyal Customers
17935,138,8,655.54,3,4,3,Loyal Customers
17936,5,1,380.13,5,2,2,New Promising
17937,9,7,4301.22,5,4,5,Champions
17938,420,1,144.29,1,2,1,Lost
17939,160,1,99.14,3,2,1,Others
17940,49,22,26873.62,4,5,5,Champions
17941,131,4,1433.28,3,3,4,Loyal Customers
17942,8,1,77.5,5,2,1,New Promising
17944,423,1,74.99,1,2,1,Lost
17945,697,3,360.35,1,3,2,At Risk
17946,233,2,149.58,2,2,1,Lost
17947,37,1,176.68,4,2,1,New Promising
17948,147,1,358.56,3,2,2,Others
17949,1,138,97581.59,5,5,5,Champions
17950,72,8,1156.21,3,4,3,Loyal Customers
17951,40,5,1322.88,4,4,4,Champions
17952,378,4,788.46,2,3,3,At Risk
17953,540,1,159.17,1,2,1,Lost
17954,5,26,3699.74,5,5,5,Champions
17955,199,6,949.9,2,4,3,At Risk
17956,249,1,12.75,2,2,1,Lost
17957,66,1,111.68,3,2,1,Others
17958,117,2,973.88,3,2,3,Others
17959,592,1,140.75,1,2,1,Lost
17960,171,3,135.08,3,3,1,Others
17961,21,102,2850.29,4,5,4,Champions
17962,142,5,652.56,3,4,3,Loyal Customers
17963,471,4,643.16,1,3,3,At Risk
17964,32,2,463.21,4,2,2,New Promising
17965,38,33,6883.45,4,5,5,Champions
17966,38,10,1963.92,4,5,4,Champions
17967,372,2,223.42,2,2,1,Lost
17968,374,4,590.44,2,3,2,At Risk
17969,166,27,2235.54,3,5,4,Loyal Customers
17970,211,1,562.79,2,2,2,Lost
17971,548,1,161.94,1,2,1,Lost
17972,242,1,135.19,2,2,1,Lost
17973,52,1,337.04,4,2,2,New Promising
17974,25,6,1739.09,4,4,4,Champions
17975,15,26,6595.18,5,5,5,Champions
17976,372,1,321.79,2,2,2,Lost
17977,29,3,1453.55,4,3,4,Loyal Customers
17978,365,4,1159.99,2,3,3,At Risk
17979,36,5,712.51,4,4,3,Loyal Customers
17980,166,4,1012.72,3,3,3,Loyal Customers
17981,411,1,239.12,1,2,1,Lost
17982,681,1,138.18,1,2,1,Lost
17983,395,1,171.71,2,2,1,Lost
17984,145,5,1152.19,3,4,3,Loyal Customers
17985,22,1,631.35,4,2,3,New Promising
17986,56,1,20.8,4,2,1,New Promising
17987,185,6,889.92,2,4,3,At Risk
17988,12,15,479.59,5,5,2,Others
17989,379,1,207.33,2,2,1,Lost
17990,237,7,1522.57,2,4,4,At Risk
17991,225,3,300.3,2,3,2,At Risk
17992,389,1,252.88,2,2,1,Lost
17993,617,1,225.99,1,2,1,Lost
17994,122,14,2219.58,3,5,4,Loyal Customers
17995,282,3,495.48,2,3,2,At Risk
17996,380,3,482.33,2,3,2,At Risk
17997,74,12,1503.09,3,5,4,Loyal Customers
17998,380,4,601.74,2,3,3,At Risk
17999,37,3,528.46,4,3,2,Others
18000,564,1,124.25,1,2,1,Lost
18001,12,6,924.14,5,4,3,Loyal Customers
18002,376,4,244.37,2,3,1,At Risk
18003,376,1,353.51,2,2,2,Lost
18004,362,1,157.92,2,2,1,Lost
18005,4,2,226.47,5,2,1,New Promising
18006,23,4,969.51,4,3,3,Loyal Customers
18007,393,1,215.22,2,2,1,Lost
18008,70,23,19759.08,3,5,5,Loyal Customers
18009,235,14,2065.48,2,5,4,At Risk
18010,257,1,174.8,2,2,1,Lost
18011,373,2,410.79,2,2,2,Lost
18012,723,1,115.3,1,2,1,Lost
18013,155,2,187.29,3,2,1,Others
18014,28,1,162.22,4,2,1,New Promising
18015,4,1,120.03,5,2,1,New Promising
18016,32,7,1954.56,4,4,4,Champions
18017,81,4,688.0,3,3,3,Loyal Customers
18018,108,5,156.69,3,4,1,Others
18019,52,1,38.45,4,2,1,New Promising
18020,544,2,129.28,1,2,1,Lost
18021,510,2,216.41,1,2,1,Lost
18022,36,5,1507.25,4,4,4,Champions
18024,153,3,236.78,3,3,1,Others
18025,380,6,1177.72,2,4,3,At Risk
18026,501,2,2074.07,1,2,4,Cannot Lose Them
18027,99,1,115.31,3,2,1,Others
18028,583,1,192.05,1,2,1,Lost
18029,642,1,433.77,1,2,2,Lost
18030,4,3,220.7,5,3,1,Others
18031,379,1,451.3,2,2,2,Lost
18032,334,1,73.5,2,2,1,Lost
18033,65,1,93.82,3,2,1,Others
18034,22,3,754.2,4,3,3,Loyal Customers
18035,36,5,1260.23,4,4,4,Champions
18036,32,11,1545.49,4,5,4,Champions
18037,154,15,167.42,3,5,1,Others
18038,556,1,141.48,1,2,1,Lost
18039,374,4,548.22,2,3,2,At Risk
18040,19,2,357.2,4,2,2,New Promising
18041,12,40,7936.04,5,5,5,Champions
18042,54,2,281.15,4,2,2,New Promising
18043,25,3,529.29,4,3,2,Others
18044,4,19,3502.66,5,5,5,Champions
18045,45,1,178.34,4,2,1,New Promising
18046,650,1,189.63,1,2,1,Lost
18047,381,2,326.09,2,2,2,Lost
18048,203,3,394.93,2,3,2,At Risk
18049,437,2,500.92,1,2,2,Lost
18050,359,2,412.06,2,2,2,Lost
18051,634,8,2275.98,1,4,4,At Risk
18052,565,1,10877.18,1,2,5,Cannot Lose Them
18053,66,6,527.77,3,4,2,Others
18054,393,1,176.5,2,2,1,Lost
18055,7,15,10110.59,5,5,5,Champions
18056,288,3,539.75,2,3,2,At Risk
18057,393,3,1188.46,2,3,4,At Risk
18058,10,3,774.06,5,3,3,Loyal Customers
18059,9,4,296.71,5,3,2,Others
18060,408,2,1185.46,1,2,3,Cannot Lose Them
18061,22,29,6075.31,4,5,5,Champions
18062,173,9,1523.37,3,4,4,Loyal Customers
18063,391,2,186.6,2,2,1,Lost
18064,133,15,4427.98,3,5,5,Loyal Customers
18065,6,32,5836.88,5,5,5,Champions
18066,75,3,1440.4,3,3,4,Loyal Customers
18067,40,1,396.33,4,2,2,New Promising
18068,289,1,101.7,2,2,1,Lost
18069,26,13,4450.07,4,5,5,Champions
18070,669,2,307.75,1,2,2,Lost
18071,258,6,1169.68,2,4,3,At Risk
18073,114,13,3846.74,3,5,5,Loyal Customers
18074,374,2,1019.44,2,2,3,Cannot Lose Them
18075,23,31,5579.91,4,5,5,Champions
18076,380,1,151.49,2,2,1,Lost
18077,8,18,4078.79,5,5,5,Champions
18078,217,4,725.53,2,3,3,At Risk
18079,45,5,4203.93,4,4,5,Champions
18080,19,2,1231.5,4,2,4,New Promising
18081,36,3,343.45,4,3,2,Others
18082,26,1,680.84,4,2,3,New Promising
18083,398,1,463.53,2,2,2,Lost
18084,16,5,176.03,5,4,1,Others
18085,330,4,1341.85,2,3,4,At Risk
18086,274,1,101.34,2,2,1,Lost
18087,98,21,14411.62,3,5,5,Loyal Customers
18088,61,1,166.03,3,2,1,Others
18089,447,1,428.45,1,2,2,Lost
18090,422,1,321.9,1,2,2,Lost
18091,593,1,360.85,1,2,2,Lost
18092,2,20,14687.47,5,5,5,Champions
18093,93,9,4429.61,3,4,5,Loyal Customers
18094,82,15,6322.62,3,5,5,Loyal Customers
18095,313,5,2303.09,2,4,4,At Risk
18096,12,6,1657.87,5,4,4,Champions
18097,8,14,4616.77,5,5,5,Champions
18098,396,1,527.94,2,2,2,Lost
18099,127,1,168.31,3,2,1,Others
18100,550,1,451.56,1,2,2,Lost
18101,11,5,622.01,5,4,3,Loyal Customers
18102,1,153,570380.61,5,5,5,Champions
18103,549,1,105.8,1,2,1,Lost
18104,37,1,754.64,4,2,3,New Promising
18105,38,1,113.48,4,2,1,New Promising
18106,330,6,1441.06,2,4,4,At Risk
18107,442,1,165.88,1,2,1,Lost
18108,249,4,842.46,2,3,3,At Risk
18109,2,45,9416.41,5,5,5,Champions
18110,19,3,362.03,4,3,2,Others
18111,583,2,398.9,1,2,2,Lost
18112,12,4,773.36,5,3,3,Loyal Customers
18113,369,1,76.32,2,2,1,Lost
18114,290,1,220.1,2,2,1,Lost
18115,698,1,9.7,1,2,1,Lost
18116,68,13,2134.49,3,5,4,Loyal Customers
18117,26,1,315.65,4,2,2,New Promising
18118,11,35,6157.87,5,5,5,Champions
18119,368,1,180.7,2,2,1,Lost
18120,214,1,111.15,2,2,1,Lost
18121,149,2,653.3,3,2,3,Others
18122,8,6,1793.06,5,4,4,Champions
18123,24,3,666.64,4,3,3,Loyal Customers
18124,472,1,102.65,1,2,1,Lost
18125,30,5,1130.1,4,4,3,Loyal Customers
18126,61,1,200.92,3,2,1,Others
18127,19,4,556.13,4,3,2,Others
18128,537,1,399.29,1,2,2,Lost
18129,243,1,112.55,2,2,1,Lost
18130,9,4,1045.74,5,3,3,Loyal Customers
18131,632,1,222.96,1,2,1,Lost
18132,504,1,220.13,1,2,1,Lost
18133,211,2,715.5,2,2,3,Cannot Lose Them
18134,598,2,445.0,1,2,2,Lost
18135,29,13,1229.22,4,5,4,Champions
18136,63,9,1531.71,3,4,4,Loyal Customers
18137,551,2,145.99,1,2,1,Lost
18138,295,1,152.65,2,2,1,Lost
18139,17,8,8393.22,5,4,5,Champions
18140,474,1,536.41,1,2,2,Lost
18141,361,4,838.57,2,3,3,At Risk
18142,151,4,1014.9,3,3,3,Loyal Customers
18143,117,2,1000.16,3,2,3,Others
18144,8,19,4892.95,5,5,5,Champions
18145,13,12,5592.04,5,5,5,Champions
18146,141,2,160.35,3,2,1,Others
18147,46,2,179.34,4,2,1,New Promising
18148,647,1,112.85,1,2,1,Lost
18149,51,7,1553.96,4,4,4,Champions
18150,32,3,566.58,4,3,2,Others
18151,135,7,1853.94,3,4,4,Loyal Customers
18152,646,1,426.69,1,2,2,Lost
18153,659,1,246.22,1,2,1,Lost
18154,3,5,932.6,5,4,3,Loyal Customers
18155,75,4,347.82,3,3,2,Others
18156,13,2,675.64,5,2,3,New Promising
18157,571,1,213.9,1,2,1,Lost
18158,9,3,451.75,5,3,2,Others
18159,301,1,530.15,2,2,2,Lost
18160,57,3,1003.88,4,3,3,Loyal Customers
18161,10,7,1797.2,5,4,4,Champions
18162,732,1,371.51,1,2,2,Lost
18163,561,2,639.34,1,2,3,Cannot Lose Them
18164,31,2,394.7,4,2,2,New Promising
18165,177,1,302.46,3,2,2,Others
18166,624,1,175.5,1,2,1,Lost
18167,4,6,1355.51,5,4,4,Champions
18168,176,22,3352.3,3,5,5,Loyal Customers
18169,61,1,202.65,3,2,1,Others
18170,33,9,2878.0,4,4,5,Champions
18171,59,11,2414.51,3,5,4,Loyal Customers
18172,15,63,17289.23,5,5,5,Champions
18173,87,5,2696.36,3,4,4,Loyal Customers
18174,7,2,162.5,5,2,1,New Promising
18175,676,1,176.1,1,2,1,Lost
18176,354,2,448.65,2,2,2,Lost
18177,31,10,2189.07,4,5,4,Champions
18178,114,15,6054.49,3,5,5,Loyal Customers
18179,9,8,2547.55,5,4,4,Champions
18180,5,6,1843.75,5,4,4,Champions
18181,24,7,1166.61,4,4,3,Loyal Customers
18182,463,1,291.13,1,2,2,Lost
18183,218,6,600.52,2,4,3,At Risk
18184,15,1,49.8,5,2,1,New Promising
18185,249,1,304.25,2,2,2,Lost
18186,723,1,329.58,1,2,2,Lost
18187,623,3,682.19,1,3,3,At Risk
18188,15,8,3263.19,5,4,5,Champions
18189,78,5,1396.58,3,4,4,Loyal Customers
18190,192,6,735.67,2,4,3,At Risk
18191,262,2,529.4,2,2,2,Lost
18192,72,1,957.97,3,2,3,Others
18193,151,5,1176.55,3,4,3,Loyal Customers
18194,64,7,4084.2,3,4,5,Loyal Customers
18195,387,1,101.16,2,2,1,Lost
18196,95,4,1457.19,3,3,4,Loyal Customers
18197,514,2,221.4,1,2,1,Lost
18198,4,21,5083.06,5,5,5,Champions
18199,676,2,342.2,1,2,2,Lost
18200,106,1,150.35,3,2,1,Others
18201,723,1,447.53,1,2,2,Lost
18202,200,3,1396.99,2,3,4,At Risk
18203,157,4,492.52,3,3,2,Others
18204,71,4,1960.95,3,3,4,Loyal Customers
18205,36,2,517.36,4,2,2,New Promising
18206,553,1,314.66,1,2,2,Lost
18207,494,3,505.12,1,3,2,At Risk
18208,566,1,360.08,1,2,2,Lost
18209,29,1,139.1,4,2,1,New Promising
18210,2,7,2768.83,5,4,4,Champions
18211,26,5,600.07,4,4,3,Loyal Customers
18212,326,2,514.37,2,2,2,Lost
18213,237,1,232.48,2,2,1,Lost
18214,531,5,1480.99,1,4,4,At Risk
18215,89,6,2223.99,3,4,4,Loyal Customers
18216,31,1,481.75,4,2,2,New Promising
18217,29,6,902.8,4,4,3,Loyal Customers
18218,206,6,1086.14,2,4,3,At Risk
18219,3,19,3297.2,5,5,5,Champions
18220,220,11,1771.7,2,5,4,At Risk
18221,22,8,1370.34,4,4,4,Champions
18222,93,1,443.0,3,2,2,Others
18223,2,52,13497.58,5,5,5,Champions
18224,264,1,158.95,2,2,1,Lost
18225,3,34,12643.25,5,5,5,Champions
18226,39,38,11748.58,4,5,5,Champions
18227,218,3,93.75,2,3,1,At Risk
18228,50,3,769.2,4,3,3,Loyal Customers
18229,12,28,10150.51,5,5,5,Champions
18230,9,12,4197.46,5,5,5,Champions
18231,192,30,6821.37,2,5,5,At Risk
18232,82,5,582.47,3,4,2,Others
18233,326,1,440.0,2,2,2,Lost
18234,552,1,179.6,1,2,1,Lost
18235,72,3,1796.48,3,3,4,Loyal Customers
18236,30,12,1795.35,4,5,4,Champions
18237,3,5,987.1,5,4,3,Loyal Customers
18238,515,1,270.92,1,2,1,Lost
18239,219,6,1712.26,2,4,4,At Risk
18240,46,1,422.58,4,2,2,New Promising
18241,10,23,2954.09,5,5,5,Champions
18242,72,8,3605.21,3,4,5,Loyal Customers
18243,414,1,515.78,1,2,2,Lost
18244,431,2,568.64,1,2,2,Lost
18245,7,23,6236.23,5,5,5,Champions
18246,24,3,758.82,4,3,3,Loyal Customers
18247,410,6,721.43,1,4,3,At Risk
18248,114,4,783.02,3,3,3,Loyal Customers
18249,17,1,95.34,5,2,1,New Promising
18250,301,2,342.92,2,2,2,Lost
18251,87,9,26278.86,3,4,5,Loyal Customers
18252,51,8,1457.19,4,4,4,Champions
18253,643,1,317.88,1,2,2,Lost
18254,581,1,267.9,1,2,1,Lost
18255,89,2,303.15,3,2,2,Others
18256,355,2,60.6,2,2,1,Lost
18257,39,18,4496.8,4,5,5,Champions
18258,464,8,2040.97,1,4,4,At Risk
18259,25,7,3941.9,4,4,5,Champions
18260,173,32,9737.1,3,5,5,Loyal Customers
18261,43,2,324.24,4,2,2,New Promising
18262,140,3,577.54,3,3,2,Others
18263,23,4,1211.08,4,3,4,Loyal Customers
18264,499,1,603.25,1,2,3,Cannot Lose Them
18265,72,2,801.51,3,2,3,Others
18266,434,1,251.1,1,2,1,Lost
18267,660,2,252.87,1,2,1,Lost
18268,134,8,1451.22,3,4,4,Loyal Customers
18269,358,2,138.9,2,2,1,Lost
18270,38,4,400.35,4,3,2,Others
18271,610,2,680.85,1,2,3,Cannot Lose Them
18272,3,11,4347.33,5,5,5,Champions
18273,2,4,357.0,5,3,2,Others
18275,578,2,741.85,1,2,3,Cannot Lose Them
18276,21,10,1620.67,4,5,4,Champions
18277,58,8,1111.38,3,4,3,Loyal Customers
18278,74,2,414.2,3,2,2,Others
18279,519,1,231.34,1,2,1,Lost
18280,278,3,472.45,2,3,2,At Risk
18281,181,2,201.14,3,2,1,Others
18282,8,3,176.6,5,3,1,Others
18283,4,22,2664.9,5,5,4,Champions
18284,430,2,436.68,1,2,2,Lost
18285,661,1,427.0,1,2,2,Lost
18286,477,3,1188.43,1,3,3,At Risk
18287,43,8,4177.89,4,4,5,Champions
